CIFAR10,MobileNetV2,77,True,False,8.289763492085221,96.93796937352863,SZ2,REL,0.1,2270846,0.24686336517333984,1.998157262802124,False,0.01,0.11869323,0.0007008185,0.012902244,4.856643,0.0,0.0,0,5,127,7.123805046081543,588.0258169174194,588.0258786678314,2.302939816366268,10.0,10.0,ServerFedAvg,Adam
CIFAR10,MobileNetV2,77,True,False,8.25568548467723,96.93796937352863,SZ2,REL,0.1,2270846,0.25426459312438965,2.008439302444458,False,0.01,0.112460986,-0.00027735054,0.011349592,5.4541874,0.0,0.0,1,5,127,7.391058683395386,585.3499131202698,1173.4359090328217,2.303644276872466,10.0,10.0,ServerFedAvg,Adam
CIFAR10,MobileNetV2,77,True,False,8.269785921473586,96.93796937352863,SZ2,REL,0.1,2270846,0.2545621395111084,2.0144362449645996,False,0.01,0.11007229,-0.0005922663,0.010495569,6.016046,0.0,0.0,2,5,127,7.3889570236206055,586.7806854248047,1760.4116251468658,2.3066309645206116,10.0,10.0,ServerFedAvg,Adam
CIFAR10,MobileNetV2,77,True,False,8.27821198909287,96.93796937352863,SZ2,REL,0.1,2270846,0.2544994354248047,2.0189011096954346,False,0.01,0.11086503,-0.00040810718,0.009950443,6.7445292,0.0,0.0,3,5,127,7.524385690689087,588.3788199424744,2348.933848142624,2.3174990309944636,10.0,10.0,ServerFedAvg,Adam
CIFAR10,MobileNetV2,77,True,False,8.240294725726722,96.93796937352863,SZ2,REL,0.1,2270846,0.24916720390319824,2.0209004878997803,False,0.01,0.116761714,-9.6235e-05,0.00965865,7.492705,0.0,0.0,4,5,127,7.465324401855469,588.9686934947968,2938.2209072113037,2.336216009115871,10.0,10.0,ServerFedAvg,Adam
CIFAR10,MobileNetV2,77,True,False,4.452920797442584,96.93796937352863,SZ2,REL,0.01,2270846,0.2960977554321289,1.9838967323303223,False,0.01,0.118660256,0.0006848048,0.012860021,5.2597847,0.0,0.0,0,5,127,7.180632591247559,587.903183221817,587.9033756256104,2.30303334586228,10.0,10.0,ServerFedAvg,Adam
CIFAR10,MobileNetV2,77,True,False,4.4500978607804855,96.93796937352863,SZ2,REL,0.01,2270846,0.2975337505340576,1.9926307201385498,False,0.01,0.11211,0.0006780948,0.0113926865,6.077253,0.0,0.0,1,5,127,7.344487905502319,587.0028696060181,1175.030223608017,2.3056658430944514,10.0,10.0,ServerFedAvg,Adam
CIFAR10,MobileNetV2,77,True,False,4.454635066887811,96.93796937352863,SZ2,REL,0.01,2270846,0.2962322235107422,2.002497911453247,False,0.01,0.10924457,0.00066406024,0.01042885,6.6197786,0.0,0.0,2,5,127,7.572569370269775,588.3521060943604,1763.546019077301,2.3064222456533696,10.0,10.0,ServerFedAvg,Adam
CIFAR10,MobileNetV2,77,True,False,4.45919466902569,96.93796937352863,SZ2,REL,0.01,2270846,0.29515767097473145,2.00518536567688,False,0.01,0.1080402,0.00066470774,0.009784635,6.969872,0.0,0.0,3,5,127,7.481529712677002,589.5816195011139,2353.2266755104065,2.3112405131134808,10.0,10.0,ServerFedAvg,Adam
CIFAR10,MobileNetV2,77,True,False,4.4604975628632015,96.93796937352863,SZ2,REL,0.01,2270846,0.2953171730041504,2.0121982097625732,False,0.01,0.107586734,0.0006522194,0.009369386,7.1949277,0.0,0.0,4,5,127,7.52907133102417,591.7773678302765,2945.1432859897614,2.315851419786864,10.0,10.0,ServerFedAvg,Adam
CIFAR10,MobileNetV2,77,True,False,2.7611822698433155,96.93796937352863,SZ2,REL,0.001,2270846,0.3741734027862549,1.982248306274414,False,0.01,0.11872441,0.0006819538,0.012841228,4.8443108,0.0,0.0,0,5,127,7.27843165397644,601.0670387744904,601.0671017169952,2.302754749225665,10.0,10.0,ServerFedAvg,Adam
CIFAR10,MobileNetV2,77,True,False,2.7585199069376745,96.93796937352863,SZ2,REL,0.001,2270846,0.37627410888671875,1.9879446029663086,False,0.01,0.11216205,0.0006657718,0.011375784,5.400261,0.0,0.0,1,5,127,7.378890037536621,600.0882458686829,1201.2004055976868,2.3036845273609403,10.0,10.0,ServerFedAvg,Adam
CIFAR10,MobileNetV2,77,True,False,2.7630485634762505,96.93796937352863,SZ2,REL,0.001,2270846,0.3754289150238037,2.157005548477173,False,0.01,0.109341435,0.00067188183,0.010420597,5.778986,0.0,0.0,2,5,127,7.4354164600372314,601.553252696991,1802.8127522468567,2.3044012920765935,10.0,10.0,ServerFedAvg,Adam
CIFAR10,MobileNetV2,77,True,False,2.7631183253953697,96.93796937352863,SZ2,REL,0.001,2270846,0.3751962184906006,1.9901397228240967,False,0.01,0.10813906,0.00066121726,0.009792343,5.988336,0.0,0.0,3,5,127,7.493853807449341,602.2378821372986,2405.161140680313,2.3072866427747507,10.0,10.0,ServerFedAvg,Adam
CIFAR10,MobileNetV2,77,True,False,2.763500817788855,96.93796937352863,SZ2,REL,0.001,2270846,0.3803272247314453,2.0123884677886963,False,0.01,0.10766646,0.00062982854,0.009371437,6.144212,0.0,0.0,4,5,127,7.520829916000366,604.4732396602631,3009.7047119140625,2.3106483779376066,10.0,10.0,ServerFedAvg,Adam
CIFAR10,MobileNetV2,77,True,False,1.6043922775525459,96.93796937352863,SZ2,REL,0.0001,2270846,0.6188466548919678,2.0036063194274902,False,0.01,0.11874433,0.0007770137,0.0129572125,4.896985,0.0,0.0,0,5,127,7.166984796524048,640.8795986175537,640.8796653747559,2.3030706115915804,10.0,10.0,ServerFedAvg,Adam
CIFAR10,MobileNetV2,77,True,False,1.6050712665337616,96.93796937352863,SZ2,REL,0.0001,2270846,0.6342880725860596,2.0119943618774414,False,0.01,0.11215953,0.00075189583,0.011489056,5.4548874,0.0,0.0,1,5,127,7.328591823577881,641.5428626537323,1282.9187009334564,2.304658865626854,10.0,10.0,ServerFedAvg,Adam
CIFAR10,MobileNetV2,77,True,False,1.6054908541440611,96.93796937352863,SZ2,REL,0.0001,2270846,0.6482381820678711,2.0157971382141113,False,0.01,0.10927177,0.0007442668,0.0105367545,5.852448,0.0,0.0,2,5,127,7.530956506729126,643.4325201511383,1926.8629133701324,2.305662475054777,10.0,10.0,ServerFedAvg,Adam
CIFAR10,MobileNetV2,77,True,False,1.6065880946295745,96.93796937352863,SZ2,REL,0.0001,2270846,0.6454541683197021,2.0261826515197754,False,0.01,0.10805527,0.0007151412,0.009899098,6.077676,0.0,0.0,3,5,127,7.622235536575317,644.4362840652466,2571.504170656204,2.308855889718744,10.0,10.0,ServerFedAvg,Adam
CIFAR10,MobileNetV2,77,True,False,1.6072780446925792,96.93796937352863,SZ2,REL,0.0001,2270846,0.6323504447937012,2.20332407951355,False,0.01,0.10755293,0.0007098963,0.009497521,6.264061,0.0,0.0,4,5,127,7.636544227600098,646.890997171402,3218.820962667465,2.310074356537831,10.0,10.0,ServerFedAvg,Adam
CIFAR10,MobileNetV2,77,True,False,1.0890924621153806,96.93796937352863,SZ2,REL,1e-05,2270846,1.09830904006958,2.167574405670166,False,0.01,0.11871191,0.00067030895,0.012864066,4.9097075,0.0,0.0,0,5,127,7.070508241653442,690.9122385978699,690.912300825119,2.303761666334128,10.0,10.0,ServerFedAvg,Adam
CIFAR10,MobileNetV2,77,True,False,1.088540121247913,96.93796937352863,SZ2,REL,1e-05,2270846,1.1438868045806885,2.0076937675476074,False,0.01,0.112163976,0.0006613946,0.01140674,5.482882,0.0,0.0,1,5,127,7.376476526260376,697.5235538482666,1388.82395529747,2.306778077837787,10.0,10.0,ServerFedAvg,Adam
CIFAR10,MobileNetV2,77,True,False,1.0887236941351521,96.93796937352863,SZ2,REL,1e-05,2270846,1.1522858142852783,2.0086212158203125,False,0.01,0.109324604,0.0006749395,0.010450883,5.8698244,0.0,0.0,2,5,127,7.392103672027588,700.127363204956,2089.3969202041626,2.312238669093651,10.0,10.0,ServerFedAvg,Adam
CIFAR10,MobileNetV2,77,True,False,1.088815830087182,96.93796937352863,SZ2,REL,1e-05,2270846,1.144709825515747,2.009110927581787,False,0.01,0.10813502,0.0006626886,0.009822794,6.1516457,0.0,0.0,3,5,127,7.481580972671509,701.2930243015289,2790.9943866729736,2.320223790180834,10.0,10.0,ServerFedAvg,Adam
CIFAR10,MobileNetV2,77,True,False,1.0885634721441757,96.93796937352863,SZ2,REL,1e-05,2270846,1.1436645984649658,2.014143228530884,False,0.01,0.10766017,0.00065656065,0.009406776,6.2905025,0.0,0.0,4,5,127,7.48087739944458,704.3134472370148,3495.666712284088,2.327644121797779,10.0,10.0,ServerFedAvg,Adam
CIFAR10,MobileNetV2,77,True,False,8.260723344310183,96.93796937352863,SZ2,REL,0.1,2270846,0.2650258541107178,2.1535134315490723,False,0.01,0.11866301,0.0006429368,0.012869751,4.889755,0.0,0.0,0,5,127,7.162468671798706,235.59198141098022,235.59204816818237,2.3032858432093755,10.0,10.0,ServerFedAvg,Adam
CIFAR10,MobileNetV2,77,True,False,8.285037761319275,96.93796937352863,SZ2,REL,0.1,2270846,0.26827526092529297,1.972872018814087,False,0.01,0.1122832,0.0004934295,0.011405919,5.3974376,0.0,0.0,1,5,127,7.384888172149658,232.79403257369995,468.4360671043396,2.303842016413242,10.0,10.0,ServerFedAvg,Adam
CIFAR10,MobileNetV2,77,True,False,8.378245706595779,96.93796937352863,SZ2,REL,0.1,2270846,0.26705503463745117,1.9783504009246826,False,0.01,0.10970605,0.0005143003,0.010588642,5.7496076,0.0,0.0,2,5,127,7.4264631271362305,233.1833770275116,701.872899055481,2.304867273644556,10.0,10.0,ServerFedAvg,Adam
CIFAR10,MobileNetV2,77,True,False,8.397423653977537,96.93796937352863,SZ2,REL,0.1,2270846,0.2667520046234131,1.9763693809509277,False,0.01,0.10945906,0.00038870063,0.010174115,6.064417,0.0,0.0,3,5,127,7.525803804397583,233.7512559890747,935.655336856842,2.3050302704678307,10.0,10.0,ServerFedAvg,Adam
CIFAR10,MobileNetV2,77,True,False,8.386437498153455,96.93796937352863,SZ2,REL,0.1,2270846,0.262129545211792,1.9683125019073486,False,0.01,0.11121003,0.0003443824,0.009693328,6.297784,0.0,0.0,4,5,127,7.533652305603027,234.2991156578064,1169.9846971035004,2.3047478017927725,10.0,10.0,ServerFedAvg,Adam
CIFAR10,MobileNetV2,77,True,False,4.452043427521709,96.93796937352863,SZ2,REL,0.01,2270846,0.3078467845916748,1.9772157669067383,False,0.01,0.1187017,0.0007299073,0.0128892,4.7546678,0.0,0.0,0,5,127,7.169651985168457,239.0092294216156,239.00937724113464,2.3038960831074773,10.0,10.0,ServerFedAvg,Adam
CIFAR10,MobileNetV2,77,True,False,4.4490494434392645,96.93796937352863,SZ2,REL,0.01,2270846,0.31679487228393555,1.9711925983428955,False,0.01,0.11214998,0.00071967917,0.011449006,5.2784915,0.0,0.0,1,5,127,7.396831035614014,235.76674509048462,475.027215719223,2.305614619315425,10.0,10.0,ServerFedAvg,Adam
CIFAR10,MobileNetV2,77,True,False,4.455806332932722,96.93796937352863,SZ2,REL,0.01,2270846,0.31583428382873535,1.9849474430084229,False,0.01,0.10926442,0.0007106272,0.010484702,5.6167393,0.0,0.0,2,5,127,7.383337497711182,236.26617622375488,711.3254399299622,2.3087992094740084,10.0,10.0,ServerFedAvg,Adam
CIFAR10,MobileNetV2,77,True,False,4.459065515988729,96.93796937352863,SZ2,REL,0.01,2270846,0.3144981861114502,1.9718666076660156,False,0.01,0.1080825,0.0006950341,0.009842543,5.8543005,0.0,0.0,3,5,127,7.523914337158203,237.20925092697144,948.6197392940521,2.311438406570048,10.0,10.0,ServerFedAvg,Adam
CIFAR10,MobileNetV2,77,True,False,4.458697799166318,96.93796937352863,SZ2,REL,0.01,2270846,0.31290507316589355,1.9803180694580078,False,0.01,0.10763139,0.000686381,0.009424124,5.9902916,0.0,0.0,4,5,127,7.578646659851074,237.06006360054016,1185.7153980731964,2.315494374383854,10.0,10.0,ServerFedAvg,Adam
CIFAR10,MobileNetV2,77,True,False,2.759367951309832,96.93796937352863,SZ2,REL,0.001,2270846,0.39107751846313477,2.1773738861083984,False,0.01,0.118690535,0.0007096833,0.0128965415,4.8994884,0.0,0.0,0,5,127,7.177576065063477,246.85767006874084,246.85775017738342,2.302767826032035,10.0,10.0,ServerFedAvg,Adam
CIFAR10,MobileNetV2,77,True,False,2.7583875517953964,96.93796937352863,SZ2,REL,0.001,2270846,0.38511157035827637,2.016549825668335,False,0.01,0.11211285,0.0007116509,0.011443683,5.5171423,0.0,0.0,1,5,127,7.380659580230713,244.512690782547,491.4038827419281,2.3035283933711956,10.0,10.0,ServerFedAvg,Adam
CIFAR10,MobileNetV2,77,True,False,2.762231014683938,96.93796937352863,SZ2,REL,0.001,2270846,0.390763521194458,2.0010204315185547,False,0.01,0.109206006,0.0007106841,0.0104811825,5.871847,0.0,0.0,2,5,127,7.592556715011597,244.3419165611267,735.9399960041046,2.3047987328299993,10.0,10.0,ServerFedAvg,Adam
CIFAR10,MobileNetV2,77,True,False,2.7626687170116386,96.93796937352863,SZ2,REL,0.001,2270846,0.39027905464172363,1.9968924522399902,False,0.01,0.10798597,0.0007071487,0.009852558,6.116947,0.0,0.0,3,5,127,7.62574028968811,245.09830808639526,981.0738482475281,2.306585646882842,10.0,10.0,ServerFedAvg,Adam
CIFAR10,MobileNetV2,77,True,False,2.7632729908861173,96.93796937352863,SZ2,REL,0.001,2270846,0.3909327983856201,2.0027034282684326,False,0.01,0.107491605,0.0006849613,0.009430485,6.278943,0.0,0.0,4,5,127,7.593205451965332,245.72273182868958,1226.8468744754791,2.3080429306513146,10.49,10.49,ServerFedAvg,Adam
CIFAR10,MobileNetV2,77,True,False,1.6026069712132225,96.93796937352863,SZ2,REL,0.0001,2270846,0.6387648582458496,1.9786484241485596,False,0.01,0.11867118,0.00070400396,0.012857312,5.049799,0.0,0.0,0,5,127,7.1676177978515625,257.7968382835388,257.7969343662262,2.30317238614529,10.0,10.0,ServerFedAvg,Adam
CIFAR10,MobileNetV2,77,True,False,1.6048656664257321,96.93796937352863,SZ2,REL,0.0001,2270846,0.6393599510192871,1.9719736576080322,False,0.01,0.11213068,0.0006858156,0.011408295,5.7085037,0.0,0.0,1,5,127,7.347906589508057,254.75338077545166,512.5881514549255,2.3040022216265714,10.0,10.0,ServerFedAvg,Adam
CIFAR10,MobileNetV2,77,True,False,1.6057567916062228,96.93796937352863,SZ2,REL,0.0001,2270846,0.6372981071472168,1.969045877456665,False,0.01,0.1092882,0.0006828165,0.010446451,6.1747904,0.0,0.0,2,5,127,7.375396728515625,255.95137190818787,768.6232168674469,2.305467997925191,10.0,10.0,ServerFedAvg,Adam
CIFAR10,MobileNetV2,77,True,False,1.6060523494705627,96.93796937352863,SZ2,REL,0.0001,2270846,0.8045542240142822,1.9834725856781006,False,0.01,0.108080514,0.00066740665,0.009808551,6.451036,0.0,0.0,3,5,127,7.485056400299072,256.3462963104248,1025.0856714248657,2.306883437724053,10.0,10.0,ServerFedAvg,Adam
CIFAR10,MobileNetV2,77,True,False,1.6079048290865705,96.93796937352863,SZ2,REL,0.0001,2270846,0.6372394561767578,1.9695923328399658,False,0.01,0.107602075,0.00066375156,0.009408288,6.6514864,0.0,0.0,4,5,127,7.56198787689209,256.72294569015503,1281.8817789554596,2.308301134954525,10.0,10.0,ServerFedAvg,Adam
CIFAR10,MobileNetV2,77,True,False,1.0889365700583515,96.93796937352863,SZ2,REL,1e-05,2270846,1.0740678310394287,1.9743735790252686,False,0.01,0.118661255,0.0007155315,0.012943011,4.8902087,0.0,0.0,0,5,127,7.1652750968933105,272.86289381980896,272.86295914649963,2.303252585326569,10.0,10.0,ServerFedAvg,Adam
CIFAR10,MobileNetV2,77,True,False,1.088556427634191,96.93796937352863,SZ2,REL,1e-05,2270846,1.0787842273712158,1.9784133434295654,False,0.01,0.112077236,0.00072426145,0.011489138,5.496149,0.0,0.0,1,5,127,7.4304633140563965,270.5902831554413,543.5097236633301,2.303583516350275,10.0,10.0,ServerFedAvg,Adam
CIFAR10,MobileNetV2,77,True,False,1.0887137767470012,96.93796937352863,SZ2,REL,1e-05,2270846,1.0893268585205078,1.973637342453003,False,0.01,0.10919351,0.0007109379,0.010528697,5.87817,0.0,0.0,2,5,127,7.460309743881226,271.59617614746094,815.1675062179565,2.3052396049982384,10.0,10.0,ServerFedAvg,Adam
CIFAR10,MobileNetV2,77,True,False,1.0887435294535046,96.93796937352863,SZ2,REL,1e-05,2270846,1.0885868072509766,1.9713809490203857,False,0.01,0.10798804,0.0006904364,0.009893426,6.143054,0.0,0.0,3,5,127,7.540082216262817,272.1107838153839,1087.5198531150818,2.305755633342115,10.0,10.0,ServerFedAvg,Adam
CIFAR10,MobileNetV2,77,True,False,1.0885887809507533,96.93796937352863,SZ2,REL,1e-05,2270846,1.0859591960906982,1.979013204574585,False,0.01,0.107488565,0.00069423555,0.009480962,6.310348,0.0,0.0,4,5,127,7.551235914230347,272.2558171749115,1359.829966545105,2.307811118379424,10.0,10.0,ServerFedAvg,Adam
CIFAR10,MobileNetV2,77,True,False,8.281215754704768,96.93796937352863,SZ2,REL,0.1,2270846,0.2622509002685547,2.333615303039551,False,0.01,0.11871382,0.00069686386,0.012884622,4.895736,0.0,0.0,0,5,127,7.136462688446045,140.56211686134338,140.5621874332428,2.303149657913401,10.0,10.0,ServerFedAvg,Adam
CIFAR10,MobileNetV2,77,True,False,8.29556270542819,96.93796937352863,SZ2,REL,0.1,2270846,0.2712852954864502,2.2850210666656494,False,0.01,0.11241271,-9.640296e-05,0.011332772,5.4640946,0.0,0.0,1,5,127,7.390656471252441,139.08651471138,279.68590021133423,2.3051518156558655,10.0,10.0,ServerFedAvg,Adam
CIFAR10,MobileNetV2,77,True,False,8.333181043387956,96.93796937352863,SZ2,REL,0.1,2270846,0.2680840492248535,2.277040958404541,False,0.01,0.11006753,-0.00044077047,0.009724201,5.854202,0.0,0.0,2,5,127,7.450256824493408,139.89759254455566,419.83384251594543,2.3093818290324153,10.0,10.0,ServerFedAvg,Adam
CIFAR10,MobileNetV2,77,True,False,8.299807475998461,96.93796937352863,SZ2,REL,0.1,2270846,0.26850056648254395,2.4849398136138916,False,0.01,0.11014426,-1.7499133e-05,0.00858987,6.3632097,0.0,0.0,3,5,127,7.565011262893677,138.26934599876404,558.1607551574707,2.3167991396747056,10.0,10.0,ServerFedAvg,Adam
CIFAR10,MobileNetV2,77,True,False,8.340718118050653,96.93796937352863,SZ2,REL,0.1,2270846,0.2682936191558838,2.032536029815674,False,0.01,0.11254385,0.00058098545,0.007969301,7.025282,0.0,0.0,4,5,127,7.650510311126709,139.4323980808258,698.0536003112793,2.3261676287349267,10.0,10.0,ServerFedAvg,Adam
CIFAR10,MobileNetV2,77,True,False,4.452460244245084,96.93796937352863,SZ2,REL,0.01,2270846,0.31073641777038574,2.131377935409546,False,0.01,0.118703194,0.00067135226,0.01289635,4.935485,0.0,0.0,0,5,127,7.181981325149536,143.4120466709137,143.4121446609497,2.3030197801469248,10.0,10.0,ServerFedAvg,Adam
CIFAR10,MobileNetV2,77,True,False,4.448698628224901,96.93796937352863,SZ2,REL,0.01,2270846,0.31283020973205566,2.3151519298553467,False,0.01,0.11214446,0.0006456179,0.011430277,5.5294495,0.0,0.0,1,5,127,7.374497890472412,140.1565728187561,283.9279601573944,2.304480063764355,10.0,10.0,ServerFedAvg,Adam
CIFAR10,MobileNetV2,77,True,False,4.455771360848754,96.93796937352863,SZ2,REL,0.01,2270846,0.31353235244750977,2.3415212631225586,False,0.01,0.10925606,0.0006249207,0.010464434,5.924373,0.0,0.0,2,5,127,7.418200254440308,140.67452192306519,424.63222455978394,2.305857365644431,10.0,10.0,ServerFedAvg,Adam
CIFAR10,MobileNetV2,77,True,False,4.458691233345654,96.93796937352863,SZ2,REL,0.01,2270846,0.31980133056640625,2.2475624084472656,False,0.01,0.10804397,0.00063200213,0.009849663,6.192109,0.0,0.0,3,5,127,7.5097267627716064,140.97081565856934,565.7780632972717,2.3099162457864497,10.0,10.0,ServerFedAvg,Adam
CIFAR10,MobileNetV2,77,True,False,4.4593873179659616,96.93796937352863,SZ2,REL,0.01,2270846,0.3180091381072998,2.0489790439605713,False,0.01,0.107560076,0.0006322034,0.009432808,6.384042,0.0,0.0,4,5,127,7.57116961479187,139.27824330329895,705.0861258506775,2.312709723846822,10.0,10.0,ServerFedAvg,Adam
CIFAR10,MobileNetV2,77,True,False,2.760940558547824,96.93796937352863,SZ2,REL,0.001,2270846,0.38909363746643066,2.455537796020508,False,0.01,0.11870798,0.00072040025,0.012889142,4.947343,0.0,0.0,0,5,127,7.175264120101929,146.4187297821045,146.4188916683197,2.302899529662313,10.0,10.0,ServerFedAvg,Adam
CIFAR10,MobileNetV2,77,True,False,2.7598860846914683,96.93796937352863,SZ2,REL,0.001,2270846,0.3973672389984131,2.313786029815674,False,0.01,0.1121389,0.0007097041,0.01142674,5.5620866,0.0,0.0,1,5,127,7.381821393966675,142.87993669509888,289.3320610523224,2.3033195507677298,10.0,10.0,ServerFedAvg,Adam
CIFAR10,MobileNetV2,77,True,False,2.762178936501155,96.93796937352863,SZ2,REL,0.001,2270846,0.39120984077453613,2.2972843647003174,False,0.01,0.10929107,0.0007014033,0.010473434,5.960262,0.0,0.0,2,5,127,7.448742866516113,142.22397780418396,431.608895778656,2.304669002943401,10.0,10.0,ServerFedAvg,Adam
CIFAR10,MobileNetV2,77,True,False,2.7640036831538315,96.93796937352863,SZ2,REL,0.001,2270846,0.3943812847137451,2.310412883758545,False,0.01,0.10808079,0.0006848988,0.009840801,6.2167253,0.0,0.0,3,5,127,7.745974063873291,143.63395738601685,575.2733142375946,2.3064984762215914,10.0,10.0,ServerFedAvg,Adam
CIFAR10,MobileNetV2,77,True,False,2.764521876325822,96.93796937352863,SZ2,REL,0.001,2270846,0.3894155025482178,2.028165102005005,False,0.01,0.10758992,0.00068240904,0.009424012,6.3757315,0.0,0.0,4,5,127,7.713933706283569,142.36209869384766,717.676084280014,2.3095583161221276,10.0,10.0,ServerFedAvg,Adam
CIFAR10,MobileNetV2,77,True,False,1.601153811441658,96.93796937352863,SZ2,REL,0.0001,2270846,0.5976922512054443,2.2461137771606445,False,0.01,0.11869823,0.0007441295,0.012954392,4.9438896,0.0,0.0,0,5,127,7.4323570728302,154.13355088233948,154.13362097740173,2.3028981504561026,10.0,10.0,ServerFedAvg,Adam
CIFAR10,MobileNetV2,77,True,False,1.6034115228923522,96.93796937352863,SZ2,REL,0.0001,2270846,0.6258673667907715,2.2872543334960938,False,0.01,0.11213622,0.00072452537,0.011493298,5.545686,0.0,0.0,1,5,127,7.445165395736694,150.65949249267578,304.92499136924744,2.3036631149581717,10.0,10.0,ServerFedAvg,Adam
CIFAR10,MobileNetV2,77,True,False,1.6046306378751016,96.93796937352863,SZ2,REL,0.0001,2270846,0.6114304065704346,2.3525846004486084,False,0.01,0.10930258,0.0007125997,0.010546583,5.9453087,0.0,0.0,2,5,127,7.408399820327759,151.17022609710693,456.1403522491455,2.3049280643463135,10.0,10.0,ServerFedAvg,Adam
CIFAR10,MobileNetV2,77,True,False,1.6049368406396718,96.93796937352863,SZ2,REL,0.0001,2270846,0.6140010356903076,2.272908926010132,False,0.01,0.10809438,0.00069987326,0.009908752,6.214848,0.0,0.0,3,5,127,7.541536808013916,151.43413257598877,607.6040337085724,2.307962885385827,10.0,10.0,ServerFedAvg,Adam
CIFAR10,MobileNetV2,77,True,False,1.6074859702651558,96.93796937352863,SZ2,REL,0.0001,2270846,0.6140363216400146,2.3102333545684814,False,0.01,0.107624,0.000704031,0.009503596,6.3876934,0.0,0.0,4,5,127,7.670903921127319,152.5243628025055,760.188113451004,2.3104157085660137,10.0,10.0,ServerFedAvg,Adam
CIFAR10,MobileNetV2,77,True,False,1.0890169912079053,96.93796937352863,SZ2,REL,1e-05,2270846,1.0489096641540527,2.0496718883514404,False,0.01,0.118701085,0.00068818056,0.012869592,5.0407324,0.0,0.0,0,5,127,7.286391019821167,154.27167677879333,154.27175092697144,2.3029351656949975,10.0,10.0,ServerFedAvg,Adam
CIFAR10,MobileNetV2,77,True,False,1.0884580749258406,96.93796937352863,SZ2,REL,1e-05,2270846,1.0787150859832764,2.2951338291168213,False,0.01,0.11218092,0.00067980785,0.011422907,5.7218575,0.0,0.0,1,5,127,7.354212522506714,152.96851587295532,307.29738426208496,2.3035239750825904,10.0,10.0,ServerFedAvg,Adam
CIFAR10,MobileNetV2,77,True,False,1.0888026482089876,96.93796937352863,SZ2,REL,1e-05,2270846,1.0953381061553955,2.4596006870269775,False,0.01,0.10933856,0.0006740729,0.010461804,6.1654196,0.0,0.0,2,5,127,7.377777814865112,154.57740259170532,461.90947914123535,2.304196318493614,10.0,10.0,ServerFedAvg,Adam
CIFAR10,MobileNetV2,77,True,False,1.0887139072377776,96.93796937352863,SZ2,REL,1e-05,2270846,1.0785839557647705,2.2898738384246826,False,0.01,0.10816651,0.00066793174,0.0098371,6.4700637,0.0,0.0,3,5,127,7.4724602699279785,154.23950719833374,616.1814494132996,2.305788984781579,10.0,10.0,ServerFedAvg,Adam
CIFAR10,MobileNetV2,77,True,False,1.08864918765251,96.93796937352863,SZ2,REL,1e-05,2270846,1.0660581588745117,2.2991116046905518,False,0.01,0.10769212,0.0006556222,0.009407433,6.6499796,0.0,0.0,4,5,127,7.662581205368042,155.0015151500702,771.2424433231354,2.307962158058263,9.94,10.0,ServerFedAvg,Adam
CIFAR10,MobileNetV2,77,True,False,8.253472572424954,96.93796937352863,SZ2,REL,0.1,2270846,0.27788829803466797,2.282766103744507,False,0.01,0.11869826,0.0007062899,0.012891181,4.8664856,0.0,0.0,0,5,127,7.317681550979614,101.95937395095825,101.95945477485657,2.3035415818419636,10.0,10.0,ServerFedAvg,Adam
CIFAR10,MobileNetV2,77,True,False,8.253382580765335,96.93796937352863,SZ2,REL,0.1,2270846,0.26326537132263184,2.1954538822174072,False,0.01,0.11250802,0.0011940666,0.011527422,5.3739443,0.0,0.0,1,5,127,7.432731866836548,97.9913969039917,200.00331139564514,2.304410505898391,10.0,10.0,ServerFedAvg,Adam
CIFAR10,MobileNetV2,77,True,False,8.275745701267594,96.93796937352863,SZ2,REL,0.1,2270846,0.26601338386535645,2.265005111694336,False,0.01,0.110305764,0.0011638249,0.010987286,5.7310553,0.0,0.0,2,5,127,7.479986190795898,97.52151608467102,297.56338477134705,2.305118029630637,10.0,10.0,ServerFedAvg,Adam
CIFAR10,MobileNetV2,77,True,False,8.270403350632796,96.93796937352863,SZ2,REL,0.1,2270846,0.27399682998657227,2.375441789627075,False,0.01,0.110658124,0.00071841147,0.010646125,6.0655966,0.0,0.0,3,5,127,7.727817535400391,97.50901174545288,395.1097764968872,2.3066719332827796,10.0,10.0,ServerFedAvg,Adam
CIFAR10,MobileNetV2,77,True,False,8.31850571775788,96.93796937352863,SZ2,REL,0.1,2270846,0.2704625129699707,2.303314685821533,False,0.01,0.11328466,0.0006542675,0.011012334,6.341968,0.0,0.0,4,5,127,7.596604824066162,98.22927737236023,493.97267413139343,2.3074218562886686,10.0,10.0,ServerFedAvg,Adam
CIFAR10,MobileNetV2,77,True,False,4.454051848797143,96.93796937352863,SZ2,REL,0.01,2270846,0.307239294052124,2.1753692626953125,False,0.01,0.11872622,0.00066995085,0.012861472,4.8876605,0.0,0.0,0,5,127,7.188184499740601,104.94042372703552,104.94059014320374,2.302965499177764,10.0,10.0,ServerFedAvg,Adam
CIFAR10,MobileNetV2,77,True,False,4.450544841643148,96.93796937352863,SZ2,REL,0.01,2270846,0.306743860244751,2.360222816467285,False,0.01,0.1122097,0.00066333753,0.011405458,5.4553175,0.0,0.0,1,5,127,7.406668424606323,100.79596424102783,206.2747209072113,2.3043766263165053,10.0,10.0,ServerFedAvg,Adam
CIFAR10,MobileNetV2,77,True,False,4.457277843559744,96.93796937352863,SZ2,REL,0.01,2270846,0.315915584564209,2.3378965854644775,False,0.01,0.10938771,0.0006632224,0.010455106,5.82953,0.0,0.0,2,5,127,7.424344539642334,100.88020873069763,307.190819978714,2.3050614761400827,10.0,10.0,ServerFedAvg,Adam
CIFAR10,MobileNetV2,77,True,False,4.458161654166705,96.93796937352863,SZ2,REL,0.01,2270846,0.3222923278808594,2.3035881519317627,False,0.01,0.1082108,0.0006590594,0.009827932,6.0844884,0.0,0.0,3,5,127,7.712884187698364,100.42441177368164,408.0245327949524,2.308783588530142,10.0,10.0,ServerFedAvg,Adam
CIFAR10,MobileNetV2,77,True,False,4.458594936864194,96.93796937352863,SZ2,REL,0.01,2270846,0.310558557510376,2.227095127105713,False,0.01,0.107762896,0.0006435901,0.009416465,6.2406626,0.0,0.0,4,5,127,7.7302892208099365,101.12695670127869,509.1878583431244,2.3106602898126916,10.0,10.0,ServerFedAvg,Adam
CIFAR10,MobileNetV2,77,True,False,2.7625645295992185,96.93796937352863,SZ2,REL,0.001,2270846,0.39425039291381836,2.261019706726074,False,0.01,0.1186196,0.00068453164,0.012837369,5.0231004,0.0,0.0,0,5,127,7.353980302810669,107.70633149147034,107.70640826225281,2.303088305871698,10.0,10.0,ServerFedAvg,Adam
CIFAR10,MobileNetV2,77,True,False,2.7596747835085185,96.93796937352863,SZ2,REL,0.001,2270846,0.37560391426086426,2.3016350269317627,False,0.01,0.11204568,0.00065897976,0.011376591,5.686921,0.0,0.0,1,5,127,7.4262473583221436,103.13288807868958,210.877445936203,2.3037448231177993,10.0,10.0,ServerFedAvg,Adam
CIFAR10,MobileNetV2,77,True,False,2.7618085660790177,96.93796937352863,SZ2,REL,0.001,2270846,0.39610862731933594,2.2078866958618164,False,0.01,0.109162256,0.00066828204,0.010418319,6.122273,0.0,0.0,2,5,127,7.422133684158325,104.61465692520142,315.675053358078,2.3052908106695247,10.0,10.0,ServerFedAvg,Adam
CIFAR10,MobileNetV2,77,True,False,2.7626754390500423,96.93796937352863,SZ2,REL,0.001,2270846,0.3943214416503906,2.2355527877807617,False,0.01,0.10795301,0.0006468563,0.009794226,6.401078,0.0,0.0,3,5,127,7.522168397903442,104.81372046470642,420.7212631702423,2.306631628471085,10.0,10.0,ServerFedAvg,Adam
CIFAR10,MobileNetV2,77,True,False,2.7640558301676195,96.93796937352863,SZ2,REL,0.001,2270846,0.38356828689575195,2.02744722366333,False,0.01,0.10744543,0.00063036534,0.00935708,6.592424,0.0,0.0,4,5,127,7.643182277679443,105.18290448188782,525.9604024887085,2.3091589408584787,10.0,10.0,ServerFedAvg,Adam
CIFAR10,MobileNetV2,77,True,False,1.6045716789084499,96.93796937352863,SZ2,REL,0.0001,2270846,0.6089470386505127,2.340186595916748,False,0.01,0.11869283,0.0006780398,0.012863443,4.7961063,0.0,0.0,0,5,127,7.155905246734619,112.52006316184998,112.5202112197876,2.3028121537800077,10.0,10.0,ServerFedAvg,Adam
CIFAR10,MobileNetV2,77,True,False,1.6030399821825305,96.93796937352863,SZ2,REL,0.0001,2270846,0.6054682731628418,2.228466272354126,False,0.01,0.112081595,0.0006538478,0.011407774,5.3171687,0.0,0.0,1,5,127,7.3720808029174805,108.66449546813965,221.21802854537964,2.303372829775267,10.0,10.0,ServerFedAvg,Adam
CIFAR10,MobileNetV2,77,True,False,1.6074171298509146,96.93796937352863,SZ2,REL,0.0001,2270846,0.6016619205474854,2.143543004989624,False,0.01,0.10920639,0.00064859656,0.010441693,5.6526537,0.0,0.0,2,5,127,7.428720235824585,108.11335635185242,329.3691098690033,2.304815434202363,10.0,10.0,ServerFedAvg,Adam
CIFAR10,MobileNetV2,77,True,False,1.6082874560829312,96.93796937352863,SZ2,REL,0.0001,2270846,0.5901751518249512,2.1240479946136475,False,0.01,0.10799078,0.000643904,0.009813936,5.8900948,0.0,0.0,3,5,127,7.522454738616943,108.74997115135193,438.18954730033875,2.3068047203595126,10.0,10.0,ServerFedAvg,Adam
CIFAR10,MobileNetV2,77,True,False,1.6083014094661792,96.93796937352863,SZ2,REL,0.0001,2270846,0.6066145896911621,2.14923357963562,False,0.01,0.10751043,0.00063597574,0.009410146,6.018626,0.0,0.0,4,5,127,7.715542316436768,109.05382513999939,547.3208839893341,2.30912840819057,10.0,10.0,ServerFedAvg,Adam
CIFAR10,MobileNetV2,77,True,False,1.0889776930258142,96.93796937352863,SZ2,REL,1e-05,2270846,1.0219919681549072,2.231778144836426,False,0.01,0.118713744,0.0006948663,0.012908741,4.8382983,0.0,0.0,0,5,127,7.185129165649414,110.78471422195435,110.78479099273682,2.303107080580313,10.0,10.0,ServerFedAvg,Adam
CIFAR10,MobileNetV2,77,True,False,1.0884990313211553,96.93796937352863,SZ2,REL,1e-05,2270846,0.9965009689331055,2.1502366065979004,False,0.01,0.11221032,0.0006864943,0.011463377,5.372882,0.0,0.0,1,5,127,7.39040994644165,107.1662483215332,218.02114748954773,2.3044532793986647,10.0,10.0,ServerFedAvg,Adam
CIFAR10,MobileNetV2,77,True,False,1.0888124367018925,96.93796937352863,SZ2,REL,1e-05,2270846,0.9942753314971924,2.207429885864258,False,0.01,0.10935275,0.0006800998,0.010500831,5.73437,0.0,0.0,2,5,127,7.426534414291382,106.62051129341125,324.6776068210602,2.3068301707883423,10.0,10.0,ServerFedAvg,Adam
CIFAR10,MobileNetV2,77,True,False,1.0887616689628423,96.93796937352863,SZ2,REL,1e-05,2270846,0.9979302883148193,2.354215621948242,False,0.01,0.1081501,0.0006579659,0.009865787,5.9657516,0.0,0.0,3,5,127,7.52691388130188,108.04873657226562,432.78204822540283,2.311596441872512,10.0,10.0,ServerFedAvg,Adam
CIFAR10,MobileNetV2,77,True,False,1.0886802416545034,96.93796937352863,SZ2,REL,1e-05,2270846,1.0357203483581543,2.3806657791137695,False,0.01,0.10767056,0.0006617501,0.00945513,6.117632,0.0,0.0,4,5,127,7.555035352706909,107.64419722557068,540.4594645500183,2.315965118287485,10.0,10.0,ServerFedAvg,Adam
CIFAR10,MobileNetV2,77,True,False,8.293767565188649,96.93796937352863,SZ2,REL,0.1,2270846,0.35395216941833496,2.5285449028015137,False,0.01,0.118716456,0.00074946973,0.012955439,4.930226,0.0,0.0,0,5,127,7.2186079025268555,95.95192265510559,95.95203709602356,2.3030999732922903,10.0,10.0,ServerFedAvg,Adam
CIFAR10,MobileNetV2,77,True,False,8.284017710979073,96.93796937352863,SZ2,REL,0.1,2270846,0.27680277824401855,2.5754761695861816,False,0.01,0.11256503,-6.5936714e-05,0.011431048,5.5302925,0.0,0.0,1,5,127,7.461846828460693,80.25749921798706,176.24724888801575,2.3045117794712886,10.0,10.0,ServerFedAvg,Adam
CIFAR10,MobileNetV2,77,True,False,8.314629944583682,96.93796937352863,SZ2,REL,0.1,2270846,0.290128231048584,2.6220431327819824,False,0.01,0.11034687,-0.00042066828,0.010592838,5.8672566,0.0,0.0,2,5,127,7.434184551239014,81.13426423072815,257.4079773426056,2.3050818413118774,10.0,10.0,ServerFedAvg,Adam
CIFAR10,MobileNetV2,77,True,False,8.328069717015298,96.93796937352863,SZ2,REL,0.1,2270846,0.35022664070129395,2.2191455364227295,False,0.01,0.11074392,-0.00067747757,0.010149342,5.969079,0.0,0.0,3,5,127,7.5429511070251465,80.94314002990723,338.3796458244324,2.304965719392028,10.0,10.0,ServerFedAvg,Adam
CIFAR10,MobileNetV2,77,True,False,8.384463506556921,96.93796937352863,SZ2,REL,0.1,2270846,0.3076035976409912,2.4927685260772705,False,0.01,0.1144125,-0.0015015772,0.009887751,6.4585457,0.0,0.0,4,5,127,7.603949546813965,82.53704380989075,420.94229912757874,2.303268305863006,10.0,10.0,ServerFedAvg,Adam
CIFAR10,MobileNetV2,77,True,False,4.453608530484086,96.93796937352863,SZ2,REL,0.01,2270846,0.4229285717010498,2.957421064376831,False,0.01,0.11870662,0.0007472278,0.012971014,4.917219,0.0,0.0,0,5,127,7.219732046127319,95.01472115516663,95.01482629776001,2.3030369221409663,10.0,10.0,ServerFedAvg,Adam
CIFAR10,MobileNetV2,77,True,False,4.4498144560193404,96.93796937352863,SZ2,REL,0.01,2270846,0.3177478313446045,2.4916257858276367,False,0.01,0.112125754,0.00072180637,0.011508238,5.518766,0.0,0.0,1,5,127,7.416619300842285,82.1785991191864,177.44383788108826,2.305439173420773,10.0,10.0,ServerFedAvg,Adam
CIFAR10,MobileNetV2,77,True,False,4.456532127574185,96.93796937352863,SZ2,REL,0.01,2270846,0.3275489807128906,2.4554500579833984,False,0.01,0.10926267,0.0007163405,0.01056621,5.923913,0.0,0.0,2,5,127,7.53508996963501,81.94516110420227,259.44729924201965,2.3059795174417617,10.0,10.0,ServerFedAvg,Adam
CIFAR10,MobileNetV2,77,True,False,4.458739383146256,96.93796937352863,SZ2,REL,0.01,2270846,0.3416140079498291,2.493562936782837,False,0.01,0.10804816,0.0007024407,0.00993737,6.1883593,0.0,0.0,3,5,127,7.608943223953247,81.42503690719604,341.29484367370605,2.309602215320249,10.0,10.0,ServerFedAvg,Adam
CIFAR10,MobileNetV2,77,True,False,4.4598427361841795,96.93796937352863,SZ2,REL,0.01,2270846,0.34333062171936035,2.31823992729187,False,0.01,0.10757595,0.0006693698,0.009504081,6.357378,0.0,0.0,4,5,127,7.62617301940918,83.13766407966614,424.4572627544403,2.311306512808498,10.0,10.0,ServerFedAvg,Adam
CIFAR10,MobileNetV2,77,True,False,2.7606913380930425,96.93796937352863,SZ2,REL,0.001,2270846,0.5979690551757812,2.3645310401916504,False,0.01,0.11869586,0.0007234635,0.012952179,4.943579,0.0,0.0,0,5,127,7.1383068561553955,98.6233971118927,98.62350988388062,2.302878156492982,10.0,10.0,ServerFedAvg,Adam
CIFAR10,MobileNetV2,77,True,False,2.76025090692729,96.93796937352863,SZ2,REL,0.001,2270846,0.3953104019165039,2.5257484912872314,False,0.01,0.11214748,0.0007131748,0.011496249,5.575477,0.0,0.0,1,5,127,7.422142505645752,84.86580228805542,183.5179386138916,2.3048863410949707,10.0,10.0,ServerFedAvg,Adam
CIFAR10,MobileNetV2,77,True,False,2.7620663871369713,96.93796937352863,SZ2,REL,0.001,2270846,0.41215038299560547,2.687377691268921,False,0.01,0.10927787,0.00071198225,0.010542489,6.0006123,0.0,0.0,2,5,127,7.447925329208374,84.53472876548767,268.3172173500061,2.306371036964127,10.0,10.0,ServerFedAvg,Adam
CIFAR10,MobileNetV2,77,True,False,2.7646396746001747,96.93796937352863,SZ2,REL,0.001,2270846,0.38475632667541504,2.8198513984680176,False,0.01,0.10807902,0.00070236425,0.00992942,6.273388,0.0,0.0,3,5,127,7.576672792434692,85.89095997810364,354.2351231575012,2.3109114441690566,10.0,10.0,ServerFedAvg,Adam
CIFAR10,MobileNetV2,77,True,False,2.7634007710909936,96.93796937352863,SZ2,REL,0.001,2270846,0.4002358913421631,2.490677833557129,False,0.01,0.107590124,0.0006919185,0.009506234,6.435573,0.0,0.0,4,5,127,7.608449697494507,85.83833146095276,440.15537762641907,2.31476188309585,10.0,10.0,ServerFedAvg,Adam
CIFAR10,MobileNetV2,77,True,False,1.6059330911305076,96.93796937352863,SZ2,REL,0.0001,2270846,0.7138211727142334,2.4390475749969482,False,0.01,0.11875413,0.0007119591,0.012938358,4.9083505,0.0,0.0,0,5,127,7.301569223403931,101.97221827507019,101.97228264808655,2.3030157904081707,10.0,10.0,ServerFedAvg,Adam
CIFAR10,MobileNetV2,77,True,False,1.6034369965750777,96.93796937352863,SZ2,REL,0.0001,2270846,0.6392021179199219,2.608597755432129,False,0.01,0.11222287,0.0007244606,0.01149727,5.4940343,0.0,0.0,1,5,127,7.470330238342285,88.53338623046875,192.42544674873352,2.3047566715675063,10.0,10.0,ServerFedAvg,Adam
CIFAR10,MobileNetV2,77,True,False,1.6037249054499094,96.93796937352863,SZ2,REL,0.0001,2270846,0.6283974647521973,2.4414873123168945,False,0.01,0.10937298,0.0006996561,0.0105372965,5.873514,0.0,0.0,2,5,127,7.633635997772217,89.82083654403687,282.7614755630493,2.3055847294722933,10.0,10.0,ServerFedAvg,Adam
CIFAR10,MobileNetV2,77,True,False,1.6066838619205313,96.93796937352863,SZ2,REL,0.0001,2270846,0.6241328716278076,2.410175323486328,False,0.01,0.1081584,0.00069924747,0.009912822,6.1345057,0.0,0.0,3,5,127,7.581882953643799,90.2403769493103,373.655677318573,2.307989093321788,10.0,10.0,ServerFedAvg,Adam
CIFAR10,MobileNetV2,77,True,False,1.6063471639347422,96.93796937352863,SZ2,REL,0.0001,2270846,0.6274371147155762,2.8369040489196777,False,0.01,0.107683636,0.0006802038,0.009500366,6.28897,0.0,0.0,4,5,127,7.72097635269165,89.6984589099884,464.5735397338867,2.3086237394357028,10.0,10.0,ServerFedAvg,Adam
CIFAR10,MobileNetV2,77,True,False,1.0890531584863246,96.93796937352863,SZ2,REL,1e-05,2270846,1.1154232025146484,2.440314292907715,False,0.01,0.118661426,0.00072409364,0.012887334,4.8799257,0.0,0.0,0,5,127,7.140793085098267,97.40742444992065,97.40750360488892,2.302964980089212,10.0,10.0,ServerFedAvg,Adam
CIFAR10,MobileNetV2,77,True,False,1.0885274678288002,96.93796937352863,SZ2,REL,1e-05,2270846,1.0348396301269531,2.4624593257904053,False,0.01,0.11210144,0.00069980545,0.011432424,5.484518,0.0,0.0,1,5,127,7.496503829956055,83.98966789245605,182.0387315750122,2.3038328629505784,10.0,10.0,ServerFedAvg,Adam
CIFAR10,MobileNetV2,77,True,False,1.088734786164891,96.93796937352863,SZ2,REL,1e-05,2270846,1.0360937118530273,2.578944444656372,False,0.01,0.10924168,0.0006965362,0.010478393,5.8695517,0.0,0.0,2,5,127,7.426117658615112,85.74136877059937,268.4748659133911,2.3045855383329754,10.0,10.0,ServerFedAvg,Adam
CIFAR10,MobileNetV2,77,True,False,1.0887815056649486,96.93796937352863,SZ2,REL,1e-05,2270846,1.063913345336914,2.4725990295410156,False,0.01,0.10803493,0.00069245964,0.009836116,6.1070356,0.0,0.0,3,5,127,7.713809013366699,85.53488898277283,354.98903155326843,2.3066349331336684,10.0,10.0,ServerFedAvg,Adam
CIFAR10,MobileNetV2,77,True,False,1.0886174830832782,96.93796937352863,SZ2,REL,1e-05,2270846,1.0754766464233398,2.378918170928955,False,0.01,0.10755491,0.00067703566,0.009418707,6.273122,0.0,0.0,4,5,127,7.591742992401123,86.23720574378967,441.7170293331146,2.308348559126069,10.0,10.0,ServerFedAvg,Adam
CIFAR10,MobileNetV2,77,True,False,8.292760506108154,96.93796937352863,SZ2,REL,0.1,2270846,0.33223509788513184,10.739392042160034,False,0.01,0.11873589,0.00065745425,0.012846177,4.946972,0.0,0.0,0,5,127,7.355848073959351,112.02311325073242,112.02318549156189,2.3035330772399902,10.0,10.0,ServerFedAvg,Adam
CIFAR10,MobileNetV2,77,True,False,8.301445905795413,96.93796937352863,SZ2,REL,0.1,2270846,0.4028773307800293,3.578885793685913,False,0.01,0.11252816,0.0011981813,0.011457701,5.5131288,0.0,0.0,1,5,127,7.498926162719727,75.3519515991211,188.1798095703125,2.304512651660774,10.0,10.0,ServerFedAvg,Adam
CIFAR10,MobileNetV2,77,True,False,8.345806646042686,96.93796937352863,SZ2,REL,0.1,2270846,0.36931443214416504,3.434910774230957,False,0.01,0.1101312,0.0009982253,0.0099165,6.1499743,0.0,0.0,2,5,127,7.532247066497803,74.54130673408508,262.8281891345978,2.3049947521354577,10.0,10.0,ServerFedAvg,Adam
CIFAR10,MobileNetV2,77,True,False,8.359409022221486,96.93796937352863,SZ2,REL,0.1,2270846,0.4186227321624756,3.559720754623413,False,0.01,0.11081206,0.00036755318,0.008198395,6.851654,0.0,0.0,3,5,127,7.668694734573364,75.55187773704529,338.64430475234985,2.3050041349628305,10.0,10.0,ServerFedAvg,Adam
CIFAR10,MobileNetV2,77,True,False,8.35106261699084,96.93796937352863,SZ2,REL,0.1,2270846,0.3300480842590332,3.5233447551727295,False,0.01,0.11481868,-0.0005950398,0.006346974,7.6194715,0.0,0.0,4,5,127,7.669489145278931,74.66094136238098,413.43926215171814,2.307908477662485,10.0,10.0,ServerFedAvg,Adam
CIFAR10,MobileNetV2,77,True,False,4.452510442099959,96.93796937352863,SZ2,REL,0.01,2270846,0.38744163513183594,10.7465238571167,False,0.01,0.1186635,0.0006694781,0.012798845,4.9818215,0.0,0.0,0,5,127,7.259134292602539,115.88938450813293,115.88945841789246,2.303010330924505,10.0,10.0,ServerFedAvg,Adam
CIFAR10,MobileNetV2,77,True,False,4.449101743613657,96.93796937352863,SZ2,REL,0.01,2270846,0.41680192947387695,3.87536358833313,False,0.01,0.11211694,0.00065879023,0.011331596,5.6153407,0.0,0.0,1,5,127,7.46973991394043,74.70291233062744,190.75736498832703,2.304428136801418,10.0,10.0,ServerFedAvg,Adam
CIFAR10,MobileNetV2,77,True,False,4.455745132146035,96.93796937352863,SZ2,REL,0.01,2270846,0.40654969215393066,3.396653413772583,False,0.01,0.10925468,0.00063371705,0.010352256,6.0409184,0.0,0.0,2,5,127,7.5277934074401855,74.98582601547241,265.9392113685608,2.3048312332056744,10.0,10.0,ServerFedAvg,Adam
CIFAR10,MobileNetV2,77,True,False,4.458730628559704,96.93796937352863,SZ2,REL,0.01,2270846,0.406421422958374,3.3650667667388916,False,0.01,0.108076796,0.00062281376,0.009706225,6.312952,0.0,0.0,3,5,127,7.6563920974731445,76.77570343017578,342.8664937019348,2.3076194690752634,10.0,10.0,ServerFedAvg,Adam
CIFAR10,MobileNetV2,77,True,False,4.458737194496394,96.93796937352863,SZ2,REL,0.01,2270846,0.3829343318939209,3.443124532699585,False,0.01,0.10761069,0.0006334261,0.009282484,6.5029583,0.0,0.0,4,5,127,7.663497447967529,76.83401417732239,419.77708435058594,2.309203217301188,10.0,10.0,ServerFedAvg,Adam
CIFAR10,MobileNetV2,77,True,False,2.760599884632895,96.93796937352863,SZ2,REL,0.001,2270846,0.46553611755371094,6.730576992034912,False,0.01,0.118675746,0.00075118494,0.012995999,4.9326305,0.0,0.0,0,5,127,7.517379522323608,117.36358857154846,117.36365699768066,2.30280190781702,10.0,10.0,ServerFedAvg,Adam
CIFAR10,MobileNetV2,77,True,False,2.7598332563622665,96.93796937352863,SZ2,REL,0.001,2270846,0.4985935688018799,3.473093032836914,False,0.01,0.11210607,0.00074763066,0.011543239,5.529171,0.0,0.0,1,5,127,7.537816762924194,77.89513802528381,195.34439182281494,2.3035860604877714,10.0,10.0,ServerFedAvg,Adam
CIFAR10,MobileNetV2,77,True,False,2.762691404022355,96.93796937352863,SZ2,REL,0.001,2270846,0.5085535049438477,3.595439910888672,False,0.01,0.1092198,0.0007434474,0.010591517,5.9357624,0.0,0.0,2,5,127,7.587791919708252,78.88413405418396,274.8064992427826,2.304321968102757,10.0,10.0,ServerFedAvg,Adam
CIFAR10,MobileNetV2,77,True,False,2.763778296114322,96.93796937352863,SZ2,REL,0.001,2270846,0.49243736267089844,3.4132282733917236,False,0.01,0.10799217,0.00073517073,0.009966872,6.1875033,0.0,0.0,3,5,127,7.613532543182373,79.46036863327026,354.4176926612854,2.306094169616699,10.0,10.0,ServerFedAvg,Adam
CIFAR10,MobileNetV2,77,True,False,2.7634486917146286,96.93796937352863,SZ2,REL,0.001,2270846,0.44821906089782715,3.496767520904541,False,0.01,0.10751272,0.00071933004,0.009561269,6.358469,0.0,0.0,4,5,127,7.6582958698272705,79.98533368110657,434.6716067790985,2.307784563378443,10.0,10.0,ServerFedAvg,Adam
CIFAR10,MobileNetV2,77,True,False,1.6045087563295308,96.93796937352863,SZ2,REL,0.0001,2270846,0.6440789699554443,9.482596397399902,False,0.01,0.11865177,0.00071041763,0.012898529,4.977127,0.0,0.0,0,5,127,7.307905673980713,122.34835195541382,122.34842157363892,2.303384720524655,10.0,10.0,ServerFedAvg,Adam
CIFAR10,MobileNetV2,77,True,False,1.6051983395567557,96.93796937352863,SZ2,REL,0.0001,2270846,0.6699709892272949,3.363316774368286,False,0.01,0.11206695,0.00069029885,0.011455619,5.6245885,0.0,0.0,1,5,127,7.512102842330933,82.5964868068695,205.06999516487122,2.30526880071133,10.0,10.0,ServerFedAvg,Adam
CIFAR10,MobileNetV2,77,True,False,1.6060855745911489,96.93796937352863,SZ2,REL,0.0001,2270846,0.7349066734313965,3.390143871307373,False,0.01,0.109149925,0.00067945337,0.01047738,6.0755167,0.0,0.0,2,5,127,7.538512468338013,80.75311541557312,285.9076488018036,2.3080999187276334,10.0,10.0,ServerFedAvg,Adam
CIFAR10,MobileNetV2,77,True,False,1.6055180966214844,96.93796937352863,SZ2,REL,0.0001,2270846,0.7165889739990234,3.6976683139801025,False,0.01,0.10793936,0.0006644045,0.009846273,6.3442826,0.0,0.0,3,5,127,7.634504318237305,83.01538372039795,369.1113238334656,2.313485921183719,10.0,10.0,ServerFedAvg,Adam
CIFAR10,MobileNetV2,77,True,False,1.6080275118105274,96.93796937352863,SZ2,REL,0.0001,2270846,0.8070132732391357,3.4560067653656006,False,0.01,0.10743873,0.0006604701,0.009436545,6.532813,0.0,0.0,4,5,127,7.6529059410095215,83.8187506198883,453.03555965423584,2.319794742366936,10.0,10.0,ServerFedAvg,Adam
CIFAR10,MobileNetV2,77,True,False,1.0890236499848756,96.93796937352863,SZ2,REL,1e-05,2270846,1.1577630043029785,11.136376857757568,False,0.01,0.11866315,0.00068007887,0.012873192,4.8087316,0.0,0.0,0,5,127,7.2773754596710205,112.43223714828491,112.432302236557,2.3040287011786353,10.0,10.0,ServerFedAvg,Adam
CIFAR10,MobileNetV2,77,True,False,1.0885162495795255,96.93796937352863,SZ2,REL,1e-05,2270846,1.467667579650879,3.264404535293579,False,0.01,0.11208163,0.0006732503,0.011409447,5.355179,0.0,0.0,1,5,127,7.483591079711914,80.22841024398804,193.03116989135742,2.306723965874201,10.0,10.0,ServerFedAvg,Adam
CIFAR10,MobileNetV2,77,True,False,1.0887385705561585,96.93796937352863,SZ2,REL,1e-05,2270846,1.2476222515106201,3.540050983428955,False,0.01,0.10921941,0.0006555515,0.010457574,5.69225,0.0,0.0,2,5,127,7.514743328094482,74.71051788330078,267.9002447128296,2.3116226648982567,10.0,10.0,ServerFedAvg,Adam
CIFAR10,MobileNetV2,77,True,False,1.0888288817661897,96.93796937352863,SZ2,REL,1e-05,2270846,1.1883165836334229,3.5575926303863525,False,0.01,0.10800458,0.0006462048,0.009828504,5.931016,0.0,0.0,3,5,127,7.610750913619995,78.38710188865662,346.4405493736267,2.3177458485470543,10.0,10.0,ServerFedAvg,Adam
CIFAR10,MobileNetV2,77,True,False,1.088599348378052,96.93796937352863,SZ2,REL,1e-05,2270846,1.2013022899627686,3.916083574295044,False,0.01,0.10750713,0.0006323704,0.0093997335,6.0886197,0.0,0.0,4,5,127,7.6561174392700195,79.12006878852844,425.59969210624695,2.3249159130869033,10.0,10.0,ServerFedAvg,Adam
CIFAR10,MobileNetV2,77,True,False,8.271570694216155,96.93796937352863,SZ2,REL,0.1,2270846,0.2503998279571533,1.9983632564544678,False,0.01,0.11873698,0.0007634251,0.012942781,4.814621,0.0,0.0,0,5,127,7.379337549209595,588.9882094860077,588.988278388977,2.3028388264813002,10.0,10.0,ServerFedAvg,Adam
CIFAR10,MobileNetV2,77,True,False,8.300368717074754,96.93796937352863,SZ2,REL,0.1,2270846,0.2558126449584961,2.0048391819000244,False,0.01,0.11246061,8.1453996e-05,0.011430792,5.369087,0.0,0.0,1,5,127,7.414055585861206,586.4343593120575,1175.7321393489838,2.304207231425032,10.0,10.0,ServerFedAvg,Adam
CIFAR10,MobileNetV2,77,True,False,8.33445029636834,96.93796937352863,SZ2,REL,0.1,2270846,0.24852442741394043,2.0204145908355713,False,0.01,0.11006725,0.0002012896,0.01101086,5.8134246,0.0,0.0,2,5,127,7.41477108001709,586.4492146968842,1762.4097158908844,2.307958708533758,10.0,10.0,ServerFedAvg,Adam
CIFAR10,MobileNetV2,77,True,False,8.34689566132315,96.93796937352863,SZ2,REL,0.1,2270846,0.25250840187072754,2.0148532390594482,False,0.01,0.110114045,0.0006241542,0.011025932,6.2221546,0.0,0.0,3,5,127,8.284794807434082,589.9439425468445,2352.624034881592,2.313093251819852,10.0,10.0,ServerFedAvg,Adam
CIFAR10,MobileNetV2,77,True,False,8.332752948860728,96.93796937352863,SZ2,REL,0.1,2270846,0.2567150592803955,2.0185317993164062,False,0.01,0.112319395,0.0019456585,0.011757856,6.554741,0.0,0.0,4,5,127,7.565967321395874,589.947368144989,2942.9522347450256,2.3031740671471703,10.0,10.0,ServerFedAvg,Adam
CIFAR10,MobileNetV2,77,True,False,4.453267912332722,96.93796937352863,SZ2,REL,0.01,2270846,0.3009049892425537,1.9923176765441895,False,0.01,0.11870765,0.0006946701,0.0128641,4.9738154,0.0,0.0,0,5,127,7.182523012161255,592.8508305549622,592.8510451316833,2.302861714664894,10.0,10.0,ServerFedAvg,Adam
CIFAR10,MobileNetV2,77,True,False,4.450379121191395,96.93796937352863,SZ2,REL,0.01,2270846,0.30626630783081055,2.005826711654663,False,0.01,0.11211844,0.00066095707,0.011399734,5.6031055,0.0,0.0,1,5,127,7.421693801879883,592.3056509494781,1185.3231806755066,2.3044611592836017,10.0,10.0,ServerFedAvg,Adam
CIFAR10,MobileNetV2,77,True,False,4.456527754609414,96.93796937352863,SZ2,REL,0.01,2270846,0.46467089653015137,2.006491184234619,False,0.01,0.10926053,0.00065290555,0.010437882,6.0373287,0.0,0.0,2,5,127,7.4154016971588135,593.4081132411957,1778.9259223937988,2.3050979632365554,10.0,10.0,ServerFedAvg,Adam
CIFAR10,MobileNetV2,77,True,False,4.4610671336927705,96.93796937352863,SZ2,REL,0.01,2270846,0.30524349212646484,2.0140295028686523,False,0.01,0.10806734,0.00062783423,0.009803403,6.301031,0.0,0.0,3,5,127,7.543151378631592,594.5253489017487,2373.6499631404877,2.3083352076856394,10.0,10.0,ServerFedAvg,Adam
CIFAR10,MobileNetV2,77,True,False,4.458767835789978,96.93796937352863,SZ2,REL,0.01,2270846,0.3037230968475342,2.01113224029541,False,0.01,0.107588455,0.00064043736,0.009397254,6.4642553,0.0,0.0,4,5,127,7.487567186355591,596.1991868019104,2970.1467475891113,2.310646340816836,10.0,10.0,ServerFedAvg,Adam
CIFAR10,MobileNetV2,77,True,False,2.7617808552797407,96.93796937352863,SZ2,REL,0.001,2270846,0.38345789909362793,2.018801212310791,False,0.01,0.118666835,0.0007082813,0.012913599,4.933309,0.0,0.0,0,5,127,7.180953502655029,612.2553691864014,612.2555882930756,2.3032976162584524,10.0,10.0,ServerFedAvg,Adam
CIFAR10,MobileNetV2,77,True,False,2.7591894164362123,96.93796937352863,SZ2,REL,0.001,2270846,0.38425540924072266,2.0273914337158203,False,0.01,0.112105705,0.00067441363,0.011451355,5.517578,0.0,0.0,1,5,127,7.53308367729187,611.5286314487457,1224.1499977111816,2.3059290602237366,10.0,10.0,ServerFedAvg,Adam
CIFAR10,MobileNetV2,77,True,False,2.7630586493190137,96.93796937352863,SZ2,REL,0.001,2270846,0.3869593143463135,2.0322442054748535,False,0.01,0.10924735,0.0006815514,0.010498041,5.9306946,0.0,0.0,2,5,127,7.567057847976685,612.3569569587708,1837.1403906345367,2.3087555426585524,10.0,10.0,ServerFedAvg,Adam
CIFAR10,MobileNetV2,77,True,False,2.7625578081005244,96.93796937352863,SZ2,REL,0.001,2270846,0.3779284954071045,2.0330302715301514,False,0.01,0.108021915,0.0006565843,0.009862282,6.1767383,0.0,0.0,3,5,127,7.5862181186676025,613.9300591945648,2451.2507090568542,2.3148086644426176,10.0,10.0,ServerFedAvg,Adam
CIFAR10,MobileNetV2,77,True,False,2.763399930393133,96.93796937352863,SZ2,REL,0.001,2270846,0.37932777404785156,2.0317280292510986,False,0.01,0.10753379,0.0006465501,0.009453078,6.3638363,0.0,0.0,4,5,127,7.661622524261475,614.4453406333923,3066.304422855377,2.3208729255048532,10.0,10.0,ServerFedAvg,Adam
CIFAR10,MobileNetV2,77,True,False,1.6024271608301008,96.93796937352863,SZ2,REL,0.0001,2270846,0.6331708431243896,2.0372960567474365,False,0.01,0.11874404,0.00068630144,0.012871744,4.8301497,0.0,0.0,0,5,127,7.130237102508545,649.2890794277191,649.2891428470612,2.302993059158325,10.0,10.0,ServerFedAvg,Adam
CIFAR10,MobileNetV2,77,True,False,1.6043401368161863,96.93796937352863,SZ2,REL,0.0001,2270846,0.6461129188537598,2.045464277267456,False,0.01,0.112200096,0.0006739232,0.011435884,5.3795495,0.0,0.0,1,5,127,7.5290772914886475,652.0936698913574,1301.6767587661743,2.304386126844189,10.0,10.0,ServerFedAvg,Adam
CIFAR10,MobileNetV2,77,True,False,1.6039101050187392,96.93796937352863,SZ2,REL,0.0001,2270846,0.6539077758789062,2.0513577461242676,False,0.01,0.10934081,0.00066581724,0.010455125,5.7532024,0.0,0.0,2,5,127,7.605195045471191,653.0181615352631,1954.8463015556335,2.30555046359195,10.0,10.0,ServerFedAvg,Adam
CIFAR10,MobileNetV2,77,True,False,1.6064636426292116,96.93796937352863,SZ2,REL,0.0001,2270846,0.6457593441009521,2.056938886642456,False,0.01,0.10812861,0.0006489991,0.009836623,5.967229,0.0,0.0,3,5,127,7.50660252571106,653.826418876648,2608.8062801361084,2.3090285047700134,10.0,10.0,ServerFedAvg,Adam
CIFAR10,MobileNetV2,77,True,False,1.6068072110982645,96.93796937352863,SZ2,REL,0.0001,2270846,0.6459136009216309,2.0543558597564697,False,0.01,0.10765723,0.00064145407,0.009416904,6.1230717,0.0,0.0,4,5,127,7.4952309131622314,654.9070575237274,3264.157980442047,2.3125824596308453,10.0,10.0,ServerFedAvg,Adam
CIFAR10,MobileNetV2,77,True,False,1.0890881529411751,96.93796937352863,SZ2,REL,1e-05,2270846,1.0900828838348389,1.9835221767425537,False,0.01,0.11873867,0.0007368113,0.01294857,4.9915338,0.0,0.0,0,5,127,7.065992593765259,688.0968084335327,688.0968799591064,2.3027371394483347,10.0,10.0,ServerFedAvg,Adam
CIFAR10,MobileNetV2,77,True,False,1.0885308594380552,96.93796937352863,SZ2,REL,1e-05,2270846,1.1261954307556152,1.9939677715301514,False,0.01,0.112157814,0.00071945466,0.011497595,5.649749,0.0,0.0,1,5,127,7.359338998794556,695.3889348506927,1383.6654210090637,2.3034563275832163,10.0,10.0,ServerFedAvg,Adam
CIFAR10,MobileNetV2,77,True,False,1.0887818971860799,96.93796937352863,SZ2,REL,1e-05,2270846,1.1374375820159912,2.0095372200012207,False,0.01,0.1093213,0.0006965012,0.010552809,6.062853,0.0,0.0,2,5,127,7.533055305480957,697.6139154434204,2081.471033334732,2.3039512423020376,10.0,10.0,ServerFedAvg,Adam
CIFAR10,MobileNetV2,77,True,False,1.0887542303859024,96.93796937352863,SZ2,REL,1e-05,2270846,1.1358518600463867,2.012700080871582,False,0.01,0.108100064,0.0006850999,0.009914712,6.3367424,0.0,0.0,3,5,127,7.477569341659546,699.7365741729736,2781.514242172241,2.305350647696966,10.0,10.0,ServerFedAvg,Adam
CIFAR10,MobileNetV2,77,True,False,1.0886527104964192,96.93796937352863,SZ2,REL,1e-05,2270846,1.1333847045898438,2.00924015045166,False,0.01,0.10759546,0.0006914196,0.009506523,6.5433254,0.0,0.0,4,5,127,7.675682067871094,700.8191220760345,3482.545381784439,2.306323277799389,10.0,10.0,ServerFedAvg,Adam
CIFAR10,MobileNetV2,77,True,False,8.260625682066205,96.93796937352863,SZ2,REL,0.1,2270846,0.3442070484161377,2.0676612854003906,False,0.01,0.11870312,0.00063799066,0.012833503,5.0584264,0.0,0.0,0,5,127,7.203852415084839,238.1203374862671,238.12040972709656,2.3030130501034893,10.0,10.0,ServerFedAvg,Adam
CIFAR10,MobileNetV2,77,True,False,8.268476072225722,96.93796937352863,SZ2,REL,0.1,2270846,0.2680652141571045,1.9725923538208008,False,0.01,0.112680204,0.0002466074,0.011331794,5.753864,0.0,0.0,1,5,127,7.576109409332275,235.41407299041748,473.7431194782257,2.3034724676156344,10.0,10.0,ServerFedAvg,Adam
CIFAR10,MobileNetV2,77,True,False,8.311434579157051,96.93796937352863,SZ2,REL,0.1,2270846,0.2684359550476074,2.163965940475464,False,0.01,0.11087383,0.00013113454,0.009539977,6.1094875,0.0,0.0,2,5,127,7.433157444000244,235.88006114959717,709.7511303424835,2.303929630714127,10.0,10.0,ServerFedAvg,Adam
CIFAR10,MobileNetV2,77,True,False,8.320662180557056,96.93796937352863,SZ2,REL,0.1,2270846,0.26404762268066406,1.987142562866211,False,0.01,0.11198971,-0.0007451647,0.0077003688,6.5031414,0.0,0.0,3,5,127,7.7303125858306885,236.22734093666077,946.0843462944031,2.3045383887954904,10.0,10.0,ServerFedAvg,Adam
CIFAR10,MobileNetV2,77,True,False,8.335597544300777,96.93796937352863,SZ2,REL,0.1,2270846,0.26073241233825684,1.9786992073059082,False,0.01,0.11657948,-0.0012937032,0.005625257,7.2577744,0.0,0.0,4,5,127,7.561292409896851,236.77387952804565,1182.9131133556366,2.3036856530587886,10.0,10.0,ServerFedAvg,Adam
CIFAR10,MobileNetV2,77,True,False,4.4529819206674235,96.93796937352863,SZ2,REL,0.01,2270846,0.3150458335876465,2.010096788406372,False,0.01,0.118810974,0.0007414071,0.01291173,5.0126343,0.0,0.0,0,5,127,7.450767993927002,238.92238688468933,238.92247796058655,2.302915512760983,10.0,10.0,ServerFedAvg,Adam
CIFAR10,MobileNetV2,77,True,False,4.4471413282207,96.93796937352863,SZ2,REL,0.01,2270846,0.3162198066711426,2.0062286853790283,False,0.01,0.11222272,0.0007089042,0.011456219,5.6916795,0.0,0.0,1,5,127,7.381381034851074,235.9537558555603,474.92876386642456,2.3037185759484013,10.0,10.0,ServerFedAvg,Adam
CIFAR10,MobileNetV2,77,True,False,4.454503993338387,96.93796937352863,SZ2,REL,0.01,2270846,0.3107614517211914,1.9969334602355957,False,0.01,0.10935953,0.00068625214,0.010490213,6.1422944,0.0,0.0,2,5,127,7.387994289398193,236.63777923583984,711.6031210422516,2.305460507356668,10.0,10.0,ServerFedAvg,Adam
CIFAR10,MobileNetV2,77,True,False,4.457671577275718,96.93796937352863,SZ2,REL,0.01,2270846,0.31641101837158203,1.999579906463623,False,0.01,0.10815037,0.00068919227,0.009873252,6.439058,0.0,0.0,3,5,127,7.513168096542358,236.96503329277039,948.7831258773804,2.3079362941693655,10.0,10.0,ServerFedAvg,Adam
CIFAR10,MobileNetV2,77,True,False,4.457487826218814,96.93796937352863,SZ2,REL,0.01,2270846,0.3162686824798584,2.0047032833099365,False,0.01,0.10770223,0.00067870005,0.009485639,6.614456,0.0,0.0,4,5,127,7.577289819717407,237.62656235694885,1186.6584243774414,2.311511525624915,10.0,10.0,ServerFedAvg,Adam
CIFAR10,MobileNetV2,77,True,False,2.7599623958487154,96.93796937352863,SZ2,REL,0.001,2270846,0.38338208198547363,1.9949235916137695,False,0.01,0.11865972,0.0007160066,0.012908907,4.9612446,0.0,0.0,0,5,127,7.2919018268585205,243.526141166687,243.52624821662903,2.3028980900969684,10.0,10.0,ServerFedAvg,Adam
CIFAR10,MobileNetV2,77,True,False,2.7593620835993953,96.93796937352863,SZ2,REL,0.001,2270846,0.3828117847442627,1.999436855316162,False,0.01,0.112063326,0.0007065309,0.011454113,5.5796766,0.0,0.0,1,5,127,7.463289499282837,241.18397045135498,484.85768723487854,2.3033529233328904,10.0,10.0,ServerFedAvg,Adam
CIFAR10,MobileNetV2,77,True,False,2.7623712995581853,96.93796937352863,SZ2,REL,0.001,2270846,0.3780992031097412,2.0036449432373047,False,0.01,0.109196484,0.0006989862,0.010500029,5.990779,0.0,0.0,2,5,127,7.496285676956177,241.40116167068481,726.4009985923767,2.3038912724845018,10.0,10.0,ServerFedAvg,Adam
CIFAR10,MobileNetV2,77,True,False,2.764097885644279,96.93796937352863,SZ2,REL,0.001,2270846,0.3863656520843506,2.0030364990234375,False,0.01,0.10797639,0.0006896554,0.009862346,6.2694116,0.0,0.0,3,5,127,7.53791618347168,241.98894333839417,968.5997090339661,2.3046770518339135,10.0,10.0,ServerFedAvg,Adam
CIFAR10,MobileNetV2,77,True,False,2.764245089891227,96.93796937352863,SZ2,REL,0.001,2270846,0.38381242752075195,2.0077590942382812,False,0.01,0.107480556,0.0006874842,0.009446848,6.4288244,0.0,0.0,4,5,127,7.526525020599365,241.96450233459473,1211.1112337112427,2.3055842797967454,10.0,10.0,ServerFedAvg,Adam
CIFAR10,MobileNetV2,77,True,False,1.6044098474771133,96.93796937352863,SZ2,REL,0.0001,2270846,0.6342923641204834,1.9853203296661377,False,0.01,0.11872567,0.0007018566,0.01284148,4.917424,0.0,0.0,0,5,127,7.221975564956665,259.34522247314453,259.34529209136963,2.30279182784165,10.0,10.0,ServerFedAvg,Adam
CIFAR10,MobileNetV2,77,True,False,1.604179485313804,96.93796937352863,SZ2,REL,0.0001,2270846,0.6347243785858154,1.9738211631774902,False,0.01,0.11220136,0.0006772091,0.01137502,5.54276,0.0,0.0,1,5,127,7.510868072509766,257.47706747055054,517.5122859477997,2.303837815417519,10.0,10.0,ServerFedAvg,Adam
CIFAR10,MobileNetV2,77,True,False,1.604755940066675,96.93796937352863,SZ2,REL,0.0001,2270846,0.6398313045501709,1.9775021076202393,False,0.01,0.1093536,0.00066187955,0.010404923,5.954363,0.0,0.0,2,5,127,7.453926086425781,258.63081192970276,776.3674807548523,2.3039359895488882,10.0,10.0,ServerFedAvg,Adam
CIFAR10,MobileNetV2,77,True,False,1.6081587546582492,96.93796937352863,SZ2,REL,0.0001,2270846,0.631105899810791,1.9839134216308594,False,0.01,0.108150735,0.0006648329,0.009788643,6.21758,0.0,0.0,3,5,127,7.5270586013793945,259.20537638664246,1036.0018446445465,2.3065821792505963,10.0,10.0,ServerFedAvg,Adam
CIFAR10,MobileNetV2,77,True,False,1.6091763997675004,96.93796937352863,SZ2,REL,0.0001,2270846,0.6212925910949707,1.979766845703125,False,0.01,0.10766485,0.00065714284,0.009362033,6.368225,0.0,0.0,4,5,127,7.623975515365601,259.5574462413788,1295.6961379051208,2.3078134361701674,10.0,10.0,ServerFedAvg,Adam
CIFAR10,MobileNetV2,77,True,False,1.089038534604316,96.93796937352863,SZ2,REL,1e-05,2270846,1.086902379989624,1.9709293842315674,False,0.01,0.1187565,0.00070111867,0.0128722545,4.8201213,0.0,0.0,0,5,127,7.357466697692871,272.6011896133423,272.6012668609619,2.302788426604452,10.0,10.0,ServerFedAvg,Adam
CIFAR10,MobileNetV2,77,True,False,1.0885300767571204,96.93796937352863,SZ2,REL,1e-05,2270846,1.1042721271514893,1.9733788967132568,False,0.01,0.11224981,0.00068336516,0.011411683,5.341721,0.0,0.0,1,5,127,7.422311305999756,270.9231035709381,543.6843962669373,2.3033868723277804,10.0,10.0,ServerFedAvg,Adam
CIFAR10,MobileNetV2,77,True,False,1.0886454038825952,96.93796937352863,SZ2,REL,1e-05,2270846,1.1042540073394775,1.966688632965088,False,0.01,0.10942406,0.0006808416,0.010451618,5.691902,0.0,0.0,2,5,127,7.6236255168914795,271.51597261428833,815.4990363121033,2.304076330571235,10.0,10.0,ServerFedAvg,Adam
CIFAR10,MobileNetV2,77,True,False,1.0887380485695919,96.93796937352863,SZ2,REL,1e-05,2270846,1.0930278301239014,1.9704220294952393,False,0.01,0.10823955,0.00068069133,0.009812708,5.9192495,0.0,0.0,3,5,127,7.6408045291900635,272.2943217754364,1087.9944138526917,2.3062745257268977,10.0,10.0,ServerFedAvg,Adam
CIFAR10,MobileNetV2,77,True,False,1.0886070457690595,96.93796937352863,SZ2,REL,1e-05,2270846,1.1035408973693848,1.9753985404968262,False,0.01,0.107792385,0.0006622033,0.009394569,6.071933,0.0,0.0,4,5,127,7.572244167327881,272.75607776641846,1361.5955770015717,2.3085052936891968,10.0,10.0,ServerFedAvg,Adam
CIFAR10,MobileNetV2,77,True,False,8.278234622391572,96.93796937352863,SZ2,REL,0.1,2270846,0.26897740364074707,2.3207180500030518,False,0.01,0.11869286,0.0007603727,0.012929792,4.7817197,0.0,0.0,0,5,127,7.236665964126587,140.34581995010376,140.34589004516602,2.302691764469388,10.0,10.0,ServerFedAvg,Adam
CIFAR10,MobileNetV2,77,True,False,8.273778250620301,96.93796937352863,SZ2,REL,0.1,2270846,0.3115558624267578,2.310175657272339,False,0.01,0.112628914,0.0010152656,0.011535234,5.3083577,0.0,0.0,1,5,127,7.381144285202026,138.18009519577026,278.96938014030457,2.3038885080361666,10.0,10.0,ServerFedAvg,Adam
CIFAR10,MobileNetV2,77,True,False,8.356156091511817,96.93796937352863,SZ2,REL,0.1,2270846,0.2719435691833496,2.164743661880493,False,0.01,0.110511534,0.001021975,0.010519796,5.653513,0.0,0.0,2,5,127,7.4412758350372314,138.92943143844604,418.13484954833984,2.3049946947942805,10.0,10.0,ServerFedAvg,Adam
CIFAR10,MobileNetV2,77,True,False,8.360155323149646,96.93796937352863,SZ2,REL,0.1,2270846,0.2739255428314209,2.3066084384918213,False,0.01,0.111220405,0.00044060824,0.009987383,6.0447464,0.0,0.0,3,5,127,7.585399150848389,139.37764501571655,557.9945178031921,2.306926926480064,10.0,10.0,ServerFedAvg,Adam
CIFAR10,MobileNetV2,77,True,False,8.332332541689714,96.93796937352863,SZ2,REL,0.1,2270846,0.2704589366912842,2.328014612197876,False,0.01,0.11589928,0.00029350797,0.010258392,6.477545,0.0,0.0,4,5,127,7.512657880783081,139.83804869651794,698.2407028675079,2.3056493137456195,10.0,10.0,ServerFedAvg,Adam
CIFAR10,MobileNetV2,77,True,False,4.453663121570596,96.93796937352863,SZ2,REL,0.01,2270846,0.319976806640625,2.3083600997924805,False,0.01,0.11873759,0.0007013008,0.012926681,5.064187,0.0,0.0,0,5,127,7.000789403915405,141.37733507156372,141.377432346344,2.3028360409072683,10.0,10.0,ServerFedAvg,Adam
CIFAR10,MobileNetV2,77,True,False,4.448598405467974,96.93796937352863,SZ2,REL,0.01,2270846,0.32033491134643555,2.273348808288574,False,0.01,0.112204574,0.0006817032,0.011474553,5.7540455,0.0,0.0,1,5,127,7.33275032043457,138.7205729484558,280.349978685379,2.3033238121225863,10.0,10.0,ServerFedAvg,Adam
CIFAR10,MobileNetV2,77,True,False,4.4555790241993005,96.93796937352863,SZ2,REL,0.01,2270846,0.32393860816955566,2.0059971809387207,False,0.01,0.10937679,0.0006808959,0.010523101,6.2229786,0.0,0.0,2,5,127,7.596157073974609,138.8578953742981,419.73378586769104,2.304679994341693,10.0,10.0,ServerFedAvg,Adam
CIFAR10,MobileNetV2,77,True,False,4.459083027826487,96.93796937352863,SZ2,REL,0.01,2270846,0.3264439105987549,2.2792272567749023,False,0.01,0.108202286,0.00068001094,0.0099131,6.535488,0.0,0.0,3,5,127,7.668018579483032,139.10767674446106,559.1794137954712,2.3061655201489413,10.0,10.0,ServerFedAvg,Adam
CIFAR10,MobileNetV2,77,True,False,4.4572800307771425,96.93796937352863,SZ2,REL,0.01,2270846,0.32249927520751953,2.2295212745666504,False,0.01,0.10775745,0.0006632619,0.0095068775,6.7398806,0.0,0.0,4,5,127,7.5161826610565186,141.4885654449463,700.8067326545715,2.3078980958914457,10.0,10.0,ServerFedAvg,Adam
CIFAR10,MobileNetV2,77,True,False,2.760901116623764,96.93796937352863,SZ2,REL,0.001,2270846,0.3989298343658447,2.2695674896240234,False,0.01,0.118717164,0.00074814714,0.012904161,5.1022687,0.0,0.0,0,5,127,7.142686128616333,145.7773289680481,145.7774314880371,2.3030821160425115,10.0,10.0,ServerFedAvg,Adam
CIFAR10,MobileNetV2,77,True,False,2.7601544502912123,96.93796937352863,SZ2,REL,0.001,2270846,0.3910701274871826,2.2876150608062744,False,0.01,0.112207845,0.000728345,0.011455686,5.8174653,0.0,0.0,1,5,127,7.4258506298065186,142.75601267814636,288.643283367157,2.3042105662671823,10.0,10.0,ServerFedAvg,Adam
CIFAR10,MobileNetV2,77,True,False,2.761977362047602,96.93796937352863,SZ2,REL,0.001,2270846,0.38422060012817383,2.31060791015625,False,0.01,0.10935391,0.0007501586,0.010494654,6.324382,0.0,0.0,2,5,127,7.46155858039856,144.5181884765625,433.407710313797,2.3064650372613835,10.0,10.0,ServerFedAvg,Adam
CIFAR10,MobileNetV2,77,True,False,2.76307545922058,96.93796937352863,SZ2,REL,0.001,2270846,0.39302873611450195,2.283301830291748,False,0.01,0.10816135,0.00074210763,0.009874287,6.6163177,0.0,0.0,3,5,127,7.551653623580933,145.2819583415985,579.2505280971527,2.309348957448066,10.0,10.0,ServerFedAvg,Adam
CIFAR10,MobileNetV2,77,True,False,2.7631435414136125,96.93796937352863,SZ2,REL,0.001,2270846,0.3887338638305664,2.28873348236084,False,0.01,0.10769374,0.0007155981,0.00945255,6.815697,0.0,0.0,4,5,127,7.638071775436401,144.3615996837616,723.7703061103821,2.312953870507735,10.0,10.0,ServerFedAvg,Adam
CIFAR10,MobileNetV2,77,True,False,1.6032920904188153,96.93796937352863,SZ2,REL,0.0001,2270846,0.5933971405029297,2.3305933475494385,False,0.01,0.11870885,0.0006969215,0.012903642,5.0577593,0.0,0.0,0,5,127,7.304597854614258,152.52513122558594,152.52520275115967,2.3027974985822848,10.0,10.0,ServerFedAvg,Adam
CIFAR10,MobileNetV2,77,True,False,1.6042191493600348,96.93796937352863,SZ2,REL,0.0001,2270846,0.6142282485961914,2.321704626083374,False,0.01,0.1121765,0.0006864605,0.011457165,5.7665076,0.0,0.0,1,5,127,7.320204496383667,150.52343606948853,303.8354842662811,2.3032942391649076,10.0,10.0,ServerFedAvg,Adam
CIFAR10,MobileNetV2,77,True,False,1.6056923568350583,96.93796937352863,SZ2,REL,0.0001,2270846,0.7074065208435059,2.2868077754974365,False,0.01,0.10929534,0.0006669618,0.010488429,6.209608,0.0,0.0,2,5,127,7.418010950088501,152.2230463027954,456.2431433200836,2.304697905914693,10.0,10.0,ServerFedAvg,Adam
CIFAR10,MobileNetV2,77,True,False,1.607078702834641,96.93796937352863,SZ2,REL,0.0001,2270846,0.6156313419342041,2.3072474002838135,False,0.01,0.10811029,0.0006570837,0.009866678,6.5060554,0.0,0.0,3,5,127,7.526135444641113,152.6881561279297,609.6368727684021,2.3067260180847553,10.0,10.0,ServerFedAvg,Adam
CIFAR10,MobileNetV2,77,True,False,1.6077144375255095,96.93796937352863,SZ2,REL,0.0001,2270846,0.618039608001709,2.310025691986084,False,0.01,0.107624605,0.0006478966,0.0094376495,6.701815,0.0,0.0,4,5,127,7.510251522064209,153.79159379005432,763.9780743122101,2.3104687763165823,10.0,10.0,ServerFedAvg,Adam
CIFAR10,MobileNetV2,77,True,False,1.0889771708099318,96.93796937352863,SZ2,REL,1e-05,2270846,1.02420973777771,2.2672300338745117,False,0.01,0.118720874,0.0007101402,0.012909308,4.8750505,0.0,0.0,0,5,127,7.357226133346558,155.18875098228455,155.1888711452484,2.303168372262882,10.0,10.0,ServerFedAvg,Adam
CIFAR10,MobileNetV2,77,True,False,1.0884944659652247,96.93796937352863,SZ2,REL,1e-05,2270846,1.071514368057251,2.2783443927764893,False,0.01,0.11215361,0.00068953546,0.011447605,5.465882,0.0,0.0,1,5,127,7.4225993156433105,152.62070560455322,307.8577847480774,2.3050404590896414,10.0,10.0,ServerFedAvg,Adam
CIFAR10,MobileNetV2,77,True,False,1.088721345263735,96.93796937352863,SZ2,REL,1e-05,2270846,1.0729162693023682,2.005392074584961,False,0.01,0.10928403,0.00067889557,0.01048934,5.8413515,0.0,0.0,2,5,127,7.496417760848999,154.38290190696716,462.3580288887024,2.3064446962332426,10.0,10.0,ServerFedAvg,Adam
CIFAR10,MobileNetV2,77,True,False,1.088770673691975,96.93796937352863,SZ2,REL,1e-05,2270846,1.0590476989746094,2.3136332035064697,False,0.01,0.108099304,0.0006718449,0.009869934,6.08862,0.0,0.0,3,5,127,7.481907844543457,155.4357783794403,617.8377361297607,2.3093792486794387,10.0,10.0,ServerFedAvg,Adam
CIFAR10,MobileNetV2,77,True,False,1.0886857219564112,96.93796937352863,SZ2,REL,1e-05,2270846,1.0571794509887695,2.3178086280822754,False,0.01,0.107615754,0.000672512,0.009459664,6.249753,0.0,0.0,4,5,127,7.726762294769287,154.543137550354,772.4619216918945,2.3121409204941763,10.0,10.0,ServerFedAvg,Adam
CIFAR10,MobileNetV2,77,True,False,8.29455521038223,96.93796937352863,SZ2,REL,0.1,2270846,0.26129889488220215,2.1901137828826904,False,0.01,0.11871837,0.00075081224,0.012954206,4.912739,0.0,0.0,0,5,127,7.329795837402344,103.882896900177,103.8830132484436,2.302896916111813,10.0,10.0,ServerFedAvg,Adam
CIFAR10,MobileNetV2,77,True,False,8.303578349995247,96.93796937352863,SZ2,REL,0.1,2270846,0.27165818214416504,2.3472352027893066,False,0.01,0.11252502,0.00089480594,0.011527258,5.4862924,0.0,0.0,1,5,127,7.424751043319702,100.27418971061707,204.18114519119263,2.3037987268423734,10.0,10.0,ServerFedAvg,Adam
CIFAR10,MobileNetV2,77,True,False,8.357778395278695,96.93796937352863,SZ2,REL,0.1,2270846,0.2702016830444336,2.36783504486084,False,0.01,0.11026196,0.00076917466,0.010594503,6.011629,0.0,0.0,2,5,127,7.458813905715942,100.22351956367493,304.4803192615509,2.3061585396151,10.0,10.0,ServerFedAvg,Adam
CIFAR10,MobileNetV2,77,True,False,8.371242408323887,96.93796937352863,SZ2,REL,0.1,2270846,0.2780485153198242,2.225445508956909,False,0.01,0.110857084,0.0013240271,0.010322727,6.55548,0.0,0.0,3,5,127,7.58393120765686,100.00617551803589,404.55093216896057,2.313004243222973,10.0,10.0,ServerFedAvg,Adam
CIFAR10,MobileNetV2,77,True,False,8.380216771165081,96.93796937352863,SZ2,REL,0.1,2270846,0.26644444465637207,2.219252347946167,False,0.01,0.11471814,4.2433323e-05,0.010352533,7.057681,0.0,0.0,4,5,127,7.74581241607666,100.46345686912537,505.23074173927307,2.318402076069313,10.0,10.0,ServerFedAvg,Adam
CIFAR10,MobileNetV2,77,True,False,4.4521939962866455,96.93796937352863,SZ2,REL,0.01,2270846,0.3203120231628418,2.156083583831787,False,0.01,0.11874843,0.00066124694,0.012849898,4.8272376,0.0,0.0,0,5,127,7.38581395149231,104.47515225410461,104.47521591186523,2.3028058794480337,10.0,10.0,ServerFedAvg,Adam
CIFAR10,MobileNetV2,77,True,False,4.448652873797401,96.93796937352863,SZ2,REL,0.01,2270846,0.31432199478149414,2.320343494415283,False,0.01,0.11221271,0.00067277835,0.011402269,5.3878193,0.0,0.0,1,5,127,7.434971570968628,100.17351055145264,204.67627954483032,2.3042569371718393,10.0,10.0,ServerFedAvg,Adam
CIFAR10,MobileNetV2,77,True,False,4.456505889914288,96.93796937352863,SZ2,REL,0.01,2270846,0.31406617164611816,2.3228039741516113,False,0.01,0.10932954,0.0006402676,0.010432345,5.727732,0.0,0.0,2,5,127,7.433566331863403,101.23212361335754,305.93497824668884,2.305145861227301,10.0,10.0,ServerFedAvg,Adam
CIFAR10,MobileNetV2,77,True,False,4.458805043641231,96.93796937352863,SZ2,REL,0.01,2270846,0.33281850814819336,2.33111310005188,False,0.01,0.10814478,0.00065763184,0.009802874,5.9859133,0.0,0.0,3,5,127,7.5986223220825195,101.3690857887268,407.3548321723938,2.308782990974716,10.0,10.0,ServerFedAvg,Adam
CIFAR10,MobileNetV2,77,True,False,4.4577612707935,96.93796937352863,SZ2,REL,0.01,2270846,0.3225898742675781,2.3515560626983643,False,0.01,0.107665606,0.00063095713,0.009403856,6.1292863,0.0,0.0,4,5,127,7.591249227523804,100.90890979766846,508.296391248703,2.3112311846093285,10.0,10.0,ServerFedAvg,Adam
CIFAR10,MobileNetV2,77,True,False,2.759756952345998,96.93796937352863,SZ2,REL,0.001,2270846,0.38782548904418945,2.433232545852661,False,0.01,0.11867259,0.00071078504,0.012881813,4.960912,0.0,0.0,0,5,127,7.164142608642578,107.9962146282196,107.99628448486328,2.302944705456118,10.0,10.0,ServerFedAvg,Adam
CIFAR10,MobileNetV2,77,True,False,2.7587586809299265,96.93796937352863,SZ2,REL,0.001,2270846,0.4089395999908447,2.345953941345215,False,0.01,0.1121149,0.000690607,0.011427361,5.591895,0.0,0.0,1,5,127,7.5792076587677,103.84221649169922,211.87046265602112,2.303539064866078,10.0,10.0,ServerFedAvg,Adam
CIFAR10,MobileNetV2,77,True,False,2.7628300549622686,96.93796937352863,SZ2,REL,0.001,2270846,0.41040802001953125,2.3384718894958496,False,0.01,0.109223,0.00070005225,0.010454245,6.009767,0.0,0.0,2,5,127,7.626415491104126,103.64352011680603,315.5433828830719,2.3046944413004042,10.0,10.0,ServerFedAvg,Adam
CIFAR10,MobileNetV2,77,True,False,2.764812183043953,96.93796937352863,SZ2,REL,0.001,2270846,0.39363789558410645,2.562033176422119,False,0.01,0.108027786,0.00068764,0.009837257,6.272751,0.0,0.0,3,5,127,7.575671195983887,103.52967405319214,419.152893781662,2.3065616752527935,10.0,10.0,ServerFedAvg,Adam
CIFAR10,MobileNetV2,77,True,False,2.764187047487353,96.93796937352863,SZ2,REL,0.001,2270846,0.38983964920043945,2.3543341159820557,False,0.01,0.10753906,0.00067466946,0.009421514,6.452077,0.0,0.0,4,5,127,7.592947959899902,104.5820939540863,523.766163110733,2.3093152468717553,10.0,10.0,ServerFedAvg,Adam
CIFAR10,MobileNetV2,77,True,False,1.6030453574006456,96.93796937352863,SZ2,REL,0.0001,2270846,0.5968160629272461,2.234879493713379,False,0.01,0.118652366,0.00074320426,0.012920245,4.9097915,0.0,0.0,0,5,127,7.345653295516968,112.61008524894714,112.61017751693726,2.3027653362177594,10.0,10.0,ServerFedAvg,Adam
CIFAR10,MobileNetV2,77,True,False,1.604842982743941,96.93796937352863,SZ2,REL,0.0001,2270846,0.5974493026733398,2.3520381450653076,False,0.01,0.11206693,0.00073406415,0.011479748,5.5060344,0.0,0.0,1,5,127,7.596497297286987,108.84053349494934,221.49613666534424,2.3034904184220713,10.0,10.0,ServerFedAvg,Adam
CIFAR10,MobileNetV2,77,True,False,1.6067824829020134,96.93796937352863,SZ2,REL,0.0001,2270846,0.5852282047271729,2.2154734134674072,False,0.01,0.10917309,0.00072664267,0.010528672,5.895563,0.0,0.0,2,5,127,7.610268592834473,109.3358793258667,331.1022367477417,2.305038008508803,10.0,10.0,ServerFedAvg,Adam
CIFAR10,MobileNetV2,77,True,False,1.6078157464052685,96.93796937352863,SZ2,REL,0.0001,2270846,0.61041259765625,2.2722890377044678,False,0.01,0.10795625,0.0007194788,0.009901358,6.1469126,0.0,0.0,3,5,127,7.681101322174072,109.66371750831604,441.065979719162,2.3071715680858755,10.0,10.0,ServerFedAvg,Adam
CIFAR10,MobileNetV2,77,True,False,1.6076819986166342,96.93796937352863,SZ2,REL,0.0001,2270846,0.6097142696380615,2.3824892044067383,False,0.01,0.1074586,0.00072109094,0.009484425,6.323539,0.0,0.0,4,5,127,7.504979848861694,109.41100430488586,550.528240442276,2.3105709733842295,10.0,10.0,ServerFedAvg,Adam
CIFAR10,MobileNetV2,77,True,False,1.0889284763797746,96.93796937352863,SZ2,REL,1e-05,2270846,1.0084989070892334,2.33498477935791,False,0.01,0.11872075,0.0007161372,0.0128941685,4.9710693,0.0,0.0,0,5,127,7.128744602203369,112.52911639213562,112.52918529510498,2.3026395568364784,10.0,10.0,ServerFedAvg,Adam
CIFAR10,MobileNetV2,77,True,False,1.0884769875279208,96.93796937352863,SZ2,REL,1e-05,2270846,1.0034983158111572,2.358569860458374,False,0.01,0.112144314,0.0007009432,0.011436687,5.6386437,0.0,0.0,1,5,127,7.389784574508667,107.19070196151733,219.76447343826294,2.303543923776361,10.0,10.0,ServerFedAvg,Adam
CIFAR10,MobileNetV2,77,True,False,1.0887353081483293,96.93796937352863,SZ2,REL,1e-05,2270846,0.9960026741027832,2.3057682514190674,False,0.01,0.109258495,0.0006839556,0.010486711,6.0592027,0.0,0.0,2,5,127,7.432368040084839,107.17479300498962,327.0093722343445,2.304100694535654,10.0,10.0,ServerFedAvg,Adam
CIFAR10,MobileNetV2,77,True,False,1.088740528010241,96.93796937352863,SZ2,REL,1e-05,2270846,1.0056977272033691,1.9982128143310547,False,0.01,0.10805089,0.0006860249,0.009859506,6.341905,0.0,0.0,3,5,127,7.624706029891968,108.74244236946106,435.80095386505127,2.3052044790002366,10.0,10.0,ServerFedAvg,Adam
CIFAR10,MobileNetV2,77,True,False,1.0886380973668488,96.93796937352863,SZ2,REL,1e-05,2270846,1.035614252090454,2.3733019828796387,False,0.01,0.107547775,0.00066845835,0.009434167,6.5407114,0.0,0.0,4,5,127,7.568543195724487,109.22802734375,545.0698704719543,2.3064825927154926,10.0,10.0,ServerFedAvg,Adam
CIFAR10,MobileNetV2,77,True,False,8.284856400677135,96.93796937352863,SZ2,REL,0.1,2270846,0.37833571434020996,2.428879976272583,False,0.01,0.11871532,0.0007126245,0.012893714,4.761468,0.0,0.0,0,5,127,7.367115497589111,94.07042908668518,94.07049798965454,2.3027635103539574,10.0,10.0,ServerFedAvg,Adam
CIFAR10,MobileNetV2,77,True,False,8.316563572372926,96.93796937352863,SZ2,REL,0.1,2270846,0.29868340492248535,2.518484115600586,False,0.01,0.11230019,5.0803264e-06,0.011389183,5.32881,0.0,0.0,1,5,127,7.444570779800415,80.89605259895325,175.01024842262268,2.3041979693159274,10.0,10.0,ServerFedAvg,Adam
CIFAR10,MobileNetV2,77,True,False,8.353036273432435,96.93796937352863,SZ2,REL,0.1,2270846,0.3197178840637207,2.3835036754608154,False,0.01,0.10949697,6.210145e-05,0.010734709,5.642876,0.0,0.0,2,5,127,7.491941213607788,81.7311737537384,256.7814726829529,2.3067262987547283,10.0,10.0,ServerFedAvg,Adam
CIFAR10,MobileNetV2,77,True,False,8.357993724638614,96.93796937352863,SZ2,REL,0.1,2270846,0.2761502265930176,2.474430799484253,False,0.01,0.10885082,0.001071723,0.010902388,5.809105,0.0,0.0,3,5,127,7.612526178359985,81.64909434318542,338.4573013782501,2.310674320293378,10.0,10.0,ServerFedAvg,Adam
CIFAR10,MobileNetV2,77,True,False,8.360624714666509,96.93796937352863,SZ2,REL,0.1,2270846,0.29501843452453613,2.6935274600982666,False,0.01,0.110072486,0.0023402283,0.011821695,5.925927,0.0,0.0,4,5,127,7.822949171066284,82.8472990989685,421.36326837539673,2.3167904630492004,10.0,10.0,ServerFedAvg,Adam
CIFAR10,MobileNetV2,77,True,False,4.453160934050607,96.93796937352863,SZ2,REL,0.01,2270846,0.39923667907714844,2.594926595687866,False,0.01,0.11869379,0.0007231281,0.012896005,4.8276887,0.0,0.0,0,5,127,7.206216096878052,95.68716502189636,95.68726921081543,2.302836092212532,10.0,10.0,ServerFedAvg,Adam
CIFAR10,MobileNetV2,77,True,False,4.447888260529562,96.93796937352863,SZ2,REL,0.01,2270846,0.32659029960632324,2.4954118728637695,False,0.01,0.11213579,0.0007178572,0.011433757,5.3801723,0.0,0.0,1,5,127,7.4331488609313965,84.08876156806946,179.96988654136658,2.304162037523487,10.0,10.0,ServerFedAvg,Adam
CIFAR10,MobileNetV2,77,True,False,4.4558303765588985,96.93796937352863,SZ2,REL,0.01,2270846,0.34464025497436523,2.496734142303467,False,0.01,0.10927985,0.0006955295,0.010478487,5.751705,0.0,0.0,2,5,127,7.47462272644043,82.60961604118347,262.78039932250977,2.3046319575249394,10.0,10.0,ServerFedAvg,Adam
CIFAR10,MobileNetV2,77,True,False,4.458098200639803,96.93796937352863,SZ2,REL,0.01,2270846,0.353532075881958,2.8967621326446533,False,0.01,0.108099796,0.00070924417,0.009840152,5.977232,0.0,0.0,3,5,127,7.787849187850952,83.05026054382324,345.85573625564575,2.3079913567893113,10.0,10.0,ServerFedAvg,Adam
CIFAR10,MobileNetV2,77,True,False,4.459503353200515,96.93796937352863,SZ2,REL,0.01,2270846,0.3479804992675781,2.495586633682251,False,0.01,0.10763109,0.00070125697,0.009414504,6.150221,0.0,0.0,4,5,127,7.696277856826782,82.45402455329895,428.33478236198425,2.309643199172201,10.0,10.0,ServerFedAvg,Adam
CIFAR10,MobileNetV2,77,True,False,2.759821517008204,96.93796937352863,SZ2,REL,0.001,2270846,0.5036871433258057,2.852994680404663,False,0.01,0.11868895,0.00069940975,0.012910776,4.9200335,0.0,0.0,0,5,127,7.221394300460815,96.35327649116516,96.3533890247345,2.3028965449031396,10.0,10.0,ServerFedAvg,Adam
CIFAR10,MobileNetV2,77,True,False,2.7593436423861983,96.93796937352863,SZ2,REL,0.001,2270846,0.42678141593933105,2.6648030281066895,False,0.01,0.11213552,0.0007113946,0.01147216,5.514469,0.0,0.0,1,5,127,7.388789415359497,84.01745367050171,180.39827275276184,2.303722589830809,10.0,10.0,ServerFedAvg,Adam
CIFAR10,MobileNetV2,77,True,False,2.7617422290327927,96.93796937352863,SZ2,REL,0.001,2270846,0.43050670623779297,2.6573784351348877,False,0.01,0.10925529,0.0006921552,0.010501594,5.9097056,0.0,0.0,2,5,127,7.517410516738892,86.19186425209045,266.6501715183258,2.304785318012479,10.0,10.0,ServerFedAvg,Adam
CIFAR10,MobileNetV2,77,True,False,2.764038167249039,96.93796937352863,SZ2,REL,0.001,2270846,0.39774036407470703,2.427513360977173,False,0.01,0.1080566,0.0006807936,0.009875884,6.1773863,0.0,0.0,3,5,127,7.619981527328491,85.61939930915833,352.29718494415283,2.307950973510742,10.0,10.0,ServerFedAvg,Adam
CIFAR10,MobileNetV2,77,True,False,2.764103773513136,96.93796937352863,SZ2,REL,0.001,2270846,0.42246031761169434,2.7116994857788086,False,0.01,0.10758658,0.00067986595,0.009462962,6.3475027,0.0,0.0,4,5,127,7.5829596519470215,86.48095440864563,438.80466961860657,2.310814576812937,10.0,10.0,ServerFedAvg,Adam
CIFAR10,MobileNetV2,77,True,False,1.601415208270379,96.93796937352863,SZ2,REL,0.0001,2270846,0.713491678237915,2.5676465034484863,False,0.01,0.1187927,0.0007317221,0.012921858,4.7815204,0.0,0.0,0,5,127,7.296550512313843,103.81699299812317,103.81709671020508,2.3029619379888606,10.0,10.0,ServerFedAvg,Adam
CIFAR10,MobileNetV2,77,True,False,1.6045781981965113,96.93796937352863,SZ2,REL,0.0001,2270846,0.6322422027587891,2.65634822845459,False,0.01,0.11223705,0.00071564317,0.011459522,5.271371,0.0,0.0,1,5,127,7.398644208908081,88.92599391937256,192.77357482910156,2.304557106162928,10.0,10.0,ServerFedAvg,Adam
CIFAR10,MobileNetV2,77,True,False,1.6059231537349616,96.93796937352863,SZ2,REL,0.0001,2270846,0.6270217895507812,2.4315412044525146,False,0.01,0.1093856,0.0007224872,0.010513117,5.6129904,0.0,0.0,2,5,127,7.4296486377716064,89.4282341003418,282.483273267746,2.306068483787247,10.0,10.0,ServerFedAvg,Adam
CIFAR10,MobileNetV2,77,True,False,1.608144234330507,96.93796937352863,SZ2,REL,0.0001,2270846,0.5994279384613037,2.4537980556488037,False,0.01,0.1081856,0.00070452667,0.009888985,5.8270903,0.0,0.0,3,5,127,7.550436496734619,89.28264927864075,371.7955904006958,2.309434902818897,10.0,10.0,ServerFedAvg,Adam
CIFAR10,MobileNetV2,77,True,False,1.6061009097258445,96.93796937352863,SZ2,REL,0.0001,2270846,0.6027941703796387,2.6164004802703857,False,0.01,0.107683696,0.00070138776,0.009472462,5.9843597,0.0,0.0,4,5,127,7.772521257400513,89.63350486755371,461.5578615665436,2.3136016266255437,10.0,10.0,ServerFedAvg,Adam
CIFAR10,MobileNetV2,77,True,False,1.0889844818778607,96.93796937352863,SZ2,REL,1e-05,2270846,1.1276841163635254,2.243440866470337,False,0.01,0.11868716,0.00073698704,0.012963285,4.776822,0.0,0.0,0,5,127,7.1705405712127686,97.06819105148315,97.06826829910278,2.3033783616898935,10.0,10.0,ServerFedAvg,Adam
CIFAR10,MobileNetV2,77,True,False,1.08848455275278,96.93796937352863,SZ2,REL,1e-05,2270846,1.191871166229248,2.254910469055176,False,0.01,0.112093315,0.00071394735,0.011502419,5.2983246,0.0,0.0,1,5,127,7.433818817138672,86.82279539108276,184.1029019355774,2.3039469326598736,10.0,10.0,ServerFedAvg,Adam
CIFAR10,MobileNetV2,77,True,False,1.0887068607806187,96.93796937352863,SZ2,REL,1e-05,2270846,1.0193994045257568,2.7100517749786377,False,0.01,0.10922075,0.00072618574,0.010550241,5.6180882,0.0,0.0,2,5,127,7.584460973739624,85.95021963119507,270.6085557937622,2.306403259687786,10.0,10.0,ServerFedAvg,Adam
CIFAR10,MobileNetV2,77,True,False,1.0886717603436524,96.93796937352863,SZ2,REL,1e-05,2270846,1.0467381477355957,2.4819374084472656,False,0.01,0.10800675,0.0007024418,0.009923501,5.8412232,0.0,0.0,3,5,127,7.549716949462891,86.99079418182373,357.63743114471436,2.307331806496729,10.0,10.0,ServerFedAvg,Adam
CIFAR10,MobileNetV2,77,True,False,1.088618787761628,96.93796937352863,SZ2,REL,1e-05,2270846,1.0333657264709473,2.8387722969055176,False,0.01,0.10751691,0.00069844606,0.009505548,5.995455,0.0,0.0,4,5,127,7.5274658203125,86.06721591949463,443.7661380767822,2.309420380411269,10.0,10.0,ServerFedAvg,Adam
CIFAR10,MobileNetV2,77,True,False,8.271856931974753,96.93796937352863,SZ2,REL,0.1,2270846,0.34224939346313477,8.835829019546509,False,0.01,0.11872902,0.00075237756,0.012993738,4.968292,0.0,0.0,0,5,127,7.274687767028809,115.96229410171509,115.9623703956604,2.3034047899366934,10.0,10.0,ServerFedAvg,Adam
CIFAR10,MobileNetV2,77,True,False,8.283375585912564,96.93796937352863,SZ2,REL,0.1,2270846,0.39228034019470215,3.602541923522949,False,0.01,0.11262688,0.0009876266,0.011571482,5.5996585,0.0,0.0,1,5,127,7.539589881896973,76.00274753570557,191.99220418930054,2.3049271740490878,10.0,10.0,ServerFedAvg,Adam
CIFAR10,MobileNetV2,77,True,False,8.336002980754495,96.93796937352863,SZ2,REL,0.1,2270846,0.35753846168518066,3.332770824432373,False,0.01,0.11075696,0.0009193715,0.010077787,5.966988,0.0,0.0,2,5,127,7.552329063415527,74.21213245391846,266.25108885765076,2.306371202951745,10.0,10.0,ServerFedAvg,Adam
CIFAR10,MobileNetV2,77,True,False,8.345622615194216,96.93796937352863,SZ2,REL,0.1,2270846,0.32143712043762207,3.379577159881592,False,0.01,0.112032786,-0.00032970862,0.0085254405,6.487951,0.0,0.0,3,5,127,7.671957731246948,75.26494812965393,341.54017305374146,2.309374024596395,10.0,10.0,ServerFedAvg,Adam
CIFAR10,MobileNetV2,77,True,False,8.370255013370832,96.93796937352863,SZ2,REL,0.1,2270846,0.41259193420410156,3.563844680786133,False,0.01,0.11684467,-0.00087594823,0.007199777,7.213235,0.0,0.0,4,5,127,7.863755702972412,76.09162330627441,417.69363474845886,2.317860147621058,10.0,10.0,ServerFedAvg,Adam
CIFAR10,MobileNetV2,77,True,False,4.453717713995448,96.93796937352863,SZ2,REL,0.01,2270846,0.5183155536651611,6.2787604331970215,False,0.01,0.118729874,0.00071085605,0.012883497,4.9649954,0.0,0.0,0,5,127,7.2798826694488525,112.77292585372925,112.77299737930298,2.3027914475791063,10.0,10.0,ServerFedAvg,Adam
CIFAR10,MobileNetV2,77,True,False,4.448275980276209,96.93796937352863,SZ2,REL,0.01,2270846,0.5837256908416748,3.6596486568450928,False,0.01,0.112156615,0.00070322596,0.011423594,5.596828,0.0,0.0,1,5,127,7.547016382217407,76.13174438476562,188.95402336120605,2.303860090955903,10.0,10.0,ServerFedAvg,Adam
CIFAR10,MobileNetV2,77,True,False,4.45585660626521,96.93796937352863,SZ2,REL,0.01,2270846,0.4713451862335205,3.5503077507019043,False,0.01,0.1092808,0.00068126974,0.010444395,6.0039053,0.0,0.0,2,5,127,7.541819095611572,75.73406553268433,264.77489852905273,2.3048480945297434,10.0,10.0,ServerFedAvg,Adam
CIFAR10,MobileNetV2,77,True,False,4.458303884150842,96.93796937352863,SZ2,REL,0.01,2270846,0.42681193351745605,3.530632257461548,False,0.01,0.108126245,0.0006751522,0.0098049445,6.296153,0.0,0.0,3,5,127,7.678991079330444,77.4343786239624,342.34228229522705,2.3071168283872967,10.0,10.0,ServerFedAvg,Adam
CIFAR10,MobileNetV2,77,True,False,4.45662396181684,96.93796937352863,SZ2,REL,0.01,2270846,0.37835025787353516,3.531471014022827,False,0.01,0.10764163,0.00067107583,0.009359524,6.452097,0.0,0.0,4,5,127,7.656790494918823,76.44925737380981,418.82132363319397,2.3086899745313425,10.0,10.0,ServerFedAvg,Adam
CIFAR10,MobileNetV2,77,True,False,2.7592086937371376,96.93796937352863,SZ2,REL,0.001,2270846,0.4464430809020996,11.086280822753906,False,0.01,0.11867149,0.00068528263,0.012842049,4.974781,0.0,0.0,0,5,127,7.2745726108551025,110.69109582901001,110.69118547439575,2.3028607911701444,10.0,10.0,ServerFedAvg,Adam
CIFAR10,MobileNetV2,77,True,False,2.7609841977344045,96.93796937352863,SZ2,REL,0.001,2270846,0.5404548645019531,3.3311767578125,False,0.01,0.112145975,0.00066974235,0.011382564,5.617811,0.0,0.0,1,5,127,7.531555891036987,81.48136377334595,192.35235166549683,2.304200733764262,10.0,10.0,ServerFedAvg,Adam
CIFAR10,MobileNetV2,77,True,False,2.7617338321655573,96.93796937352863,SZ2,REL,0.001,2270846,0.5020706653594971,3.5440218448638916,False,0.01,0.10929633,0.0006592799,0.010417848,6.0353146,0.0,0.0,2,5,127,7.602294921875,78.14157962799072,270.7844364643097,2.305952060071728,10.0,10.0,ServerFedAvg,Adam
CIFAR10,MobileNetV2,77,True,False,2.763494932488449,96.93796937352863,SZ2,REL,0.001,2270846,0.5162820816040039,3.6800692081451416,False,0.01,0.10810698,0.00066015637,0.009789882,6.297847,0.0,0.0,3,5,127,7.768183469772339,80.27279090881348,351.08118510246277,2.310572503488275,10.0,10.0,ServerFedAvg,Adam
CIFAR10,MobileNetV2,77,True,False,2.763463824888438,96.93796937352863,SZ2,REL,0.001,2270846,0.5688865184783936,3.3958568572998047,False,0.01,0.10763198,0.00065786066,0.009365461,6.4860377,0.0,0.0,4,5,127,7.711868524551392,80.28704404830933,431.4346995353699,2.3154823206648043,10.0,10.0,ServerFedAvg,Adam
CIFAR10,MobileNetV2,77,True,False,1.6048248362601936,96.93796937352863,SZ2,REL,0.0001,2270846,0.66019606590271,6.29317307472229,False,0.01,0.118693545,0.00078347884,0.012961268,4.9282923,0.0,0.0,0,5,127,7.265932321548462,121.94663405418396,121.94671320915222,2.3027326728724224,10.0,10.0,ServerFedAvg,Adam
CIFAR10,MobileNetV2,77,True,False,1.6047151154840777,96.93796937352863,SZ2,REL,0.0001,2270846,0.692943811416626,3.350339889526367,False,0.01,0.1121386,0.00076060556,0.011499958,5.550557,0.0,0.0,1,5,127,7.447009325027466,82.84513521194458,204.82284832000732,2.3032803776897963,10.0,10.0,ServerFedAvg,Adam
CIFAR10,MobileNetV2,77,True,False,1.605930535788478,96.93796937352863,SZ2,REL,0.0001,2270846,0.7457475662231445,3.531355857849121,False,0.01,0.109284766,0.000756174,0.010549498,5.947474,0.0,0.0,2,5,127,7.534601926803589,82.26339721679688,287.1148054599762,2.3045290029501615,10.0,10.0,ServerFedAvg,Adam
CIFAR10,MobileNetV2,77,True,False,1.6064241516182407,96.93796937352863,SZ2,REL,0.0001,2270846,0.769294023513794,3.5665061473846436,False,0.01,0.108094454,0.0007389766,0.009916578,6.198952,0.0,0.0,3,5,127,7.609916925430298,79.44278383255005,366.583518743515,2.3052013222175307,10.0,10.0,ServerFedAvg,Adam
CIFAR10,MobileNetV2,77,True,False,1.6069615663524293,96.93796937352863,SZ2,REL,0.0001,2270846,0.7154359817504883,3.341604471206665,False,0.01,0.107624136,0.0007335444,0.00949832,6.3777833,0.0,0.0,4,5,127,7.780242204666138,83.58786582946777,450.4217691421509,2.306883259664608,10.0,10.0,ServerFedAvg,Adam
CIFAR10,MobileNetV2,77,True,False,1.0889927069466236,96.93796937352863,SZ2,REL,1e-05,2270846,1.1806108951568604,6.9124767780303955,False,0.01,0.11863654,0.00072241353,0.012900165,4.9118657,0.0,0.0,0,5,127,7.284862518310547,115.00497817993164,115.00506258010864,2.3027582862709144,10.0,10.0,ServerFedAvg,Adam
CIFAR10,MobileNetV2,77,True,False,1.0884554663426482,96.93796937352863,SZ2,REL,1e-05,2270846,1.5369689464569092,3.6313133239746094,False,0.01,0.11207085,0.00071073335,0.011453283,5.503429,0.0,0.0,1,5,127,7.5099828243255615,78.64525246620178,193.76522397994995,2.303584726550911,10.0,10.0,ServerFedAvg,Adam
CIFAR10,MobileNetV2,77,True,False,1.0887349166607037,96.93796937352863,SZ2,REL,1e-05,2270846,1.208221197128296,3.5448336601257324,False,0.01,0.10919027,0.0007082858,0.01049136,5.903186,0.0,0.0,2,5,127,7.500584840774536,77.00875639915466,270.8528320789337,2.3040708891953092,10.0,10.0,ServerFedAvg,Adam
CIFAR10,MobileNetV2,77,True,False,1.0886721517858597,96.93796937352863,SZ2,REL,1e-05,2270846,1.2939183712005615,3.4811601638793945,False,0.01,0.107996896,0.0006755098,0.009854079,6.151288,0.0,0.0,3,5,127,7.615163564682007,79.64731001853943,350.5792372226715,2.306013052976584,10.0,10.0,ServerFedAvg,Adam
CIFAR10,MobileNetV2,77,True,False,1.088624919791762,96.93796937352863,SZ2,REL,1e-05,2270846,1.2158019542694092,3.5726711750030518,False,0.01,0.107502446,0.0006900812,0.009435279,6.330438,0.0,0.0,4,5,127,7.6089417934417725,79.50998973846436,430.3278534412384,2.307980537414551,10.0,10.0,ServerFedAvg,Adam
